Name,Symbol,IPO Date,IPO Price,total shares outstanding,trading volume on listing day,(IPO +7) Date,New Avg Price After 1 Week,Exchange,HQ Location,Industry
Games &amp; Esports Experience Acquisition,GEEX,02-12-21,,,,09-12-21,,,,
UTA Acquisition,UTAA,02-12-21,,,,09-12-21,,,,
ROC Energy Acquisition,ROC,02-12-21,,,,09-12-21,,,,
Capitalworks Emerging Markets Acquisition,CMCA,01-12-21,,,,08-12-21,,,,
TLGY Acquisition,TLGY,01-12-21,,,,08-12-21,,,,
Roth CH Acquisition V Co.,ROCL,01-12-21,,,,08-12-21,,,,
PROOF Acquisition I,PACI,01-12-21,,,,08-12-21,,,,
Canna-Global Acquisition,CNGL,30-11-21,,,,07-12-21,,,,
AeroClean Technologies,AERC,24-11-21,,,,01-12-21,,,,
Beard Energy Transition Acquisition,BRD,24-11-21,,,,01-12-21,,,,
Everest Consolidator Acquisition,MNTN,24-11-21,,,,01-12-21,,,,
Vahanna Tech Edge Acquisition I,VHNA,23-11-21,,,,30-11-21,,,,
Mana Capital Acquisition,MAAQ,23-11-21,,,,30-11-21,,,,
Legato Merger II,LGTO,22-11-21,,,,29-11-21,,,,
8i Acquisition 2,LAX,22-11-21,,,,29-11-21,,,,
Advanced Human Imaging,AHI,19-11-21,,,,26-11-21,,,,
Snow Lake Resources,LITM,19-11-21,,,,26-11-21,,,,
Crescera Capital Acquisition,CREC,19-11-21,,,,26-11-21,,,,
FTAC Zeus Acquisition,ZING,19-11-21,,,,26-11-21,,,,
Infinite Acquisition,NFNT,19-11-21,,,,26-11-21,,,,
InFinT Acquisition,IFIN,19-11-21,,,,26-11-21,,,,
ALSP Orchid Acquisition I,ALOR,19-11-21,,,,26-11-21,,,,
FinWise Bancorp,FINW,19-11-21,,,,26-11-21,,,,
Arisz Acquisition,ARIZ,18-11-21,,,,25-11-21,,,,
bleuacacia ltd.,BLEU,18-11-21,,,,25-11-21,,,,
Sweetgreen,SG,18-11-21,,,,25-11-21,,,,
Sono Group,SEV,17-11-21,,,,24-11-21,,,,
Seaport Global Acquisition II,SGII,17-11-21,,,,24-11-21,,,,
Iris Energy,IREN,17-11-21,,,,24-11-21,,,,
LF Capital Acquisition II,LFAC,17-11-21,,,,24-11-21,,,,
ShoulderUp Technology Acquisition,SUAC,17-11-21,,,,24-11-21,,,,
Braze,BRZE,17-11-21,,,,24-11-21,,,,
UserTesting,USER,17-11-21,,,,24-11-21,,,,
Nabors Energy Transition,NETC,17-11-21,,,,24-11-21,,,,
Energem,ENCP,16-11-21,,,,23-11-21,,,,
Orion Office REIT,ONL,15-11-21,,,,22-11-21,,,,
Mynaric AG,MYNA,12-11-21,,,,19-11-21,,,,
Integrated Rail &amp; Resources Acquisition,IRRX,12-11-21,,,,19-11-21,,,,
BT Brands,BTBD,12-11-21,,,,19-11-21,,,,
Journey Medical,DERM,12-11-21,,,,19-11-21,,,,
Mountain Crest Acquisition V,MCAG,12-11-21,,,,19-11-21,,,,
Tivic Health Systems,TIVC,11-11-21,,,,18-11-21,,,,
Weave Communications,WEAV,11-11-21,,,,18-11-21,,,,
Backblaze,BLZE,11-11-21,,,,18-11-21,,,,
Lulu's Fashion Lounge Holdings,LVLU,11-11-21,,,,18-11-21,,,,
"Winc, Inc.",WBEV,11-11-21,,,,18-11-21,,,,
Kidpik,PIK,11-11-21,,,,18-11-21,,,,
LAMF Global Ventures I,LGVC,11-11-21,,,,18-11-21,,,,
VMG Consumer Acquisition,VMGA,11-11-21,,,,18-11-21,,,,
Vaxxinity,VAXX,11-11-21,,,,18-11-21,,,,
HeartBeam,BEAT,11-11-21,,,,18-11-21,,,,
Bluejay Diagnostics,BJDX,10-11-21,,,,17-11-21,,,,
RCF Acquisition,RCF,10-11-21,,,,17-11-21,,,,
Chain Bridge I,CBRG,10-11-21,,,,17-11-21,,,,
Arena Fortify Acquisition,AFAC,10-11-21,,,,17-11-21,,,,
CI&amp;T Inc.,CINT,10-11-21,,,,17-11-21,,,,
Ascendant Digital Acquisition III,ACDI,10-11-21,,,,17-11-21,,,,
Blockchain Coinvestors Acquisition I,BCSA,10-11-21,,,,17-11-21,,,,
Expensify,EXFY,10-11-21,,,,17-11-21,,,,
Rivian Automotive,RIVN,10-11-21,,,,17-11-21,,,,
Green Visor Financial Technology Acquisition I,GVCI,09-11-21,,,,16-11-21,,,,
DP Cap Acquisition I,DPCS,09-11-21,,,,16-11-21,,,,
Apeiron Capital Investment,APN,09-11-21,,,,16-11-21,,,,
Hunt Companies Acquisition I,HTAQ,09-11-21,,,,16-11-21,,,,
Perimeter Solutions,PRM,09-11-21,,,,16-11-21,,,,
Society Pass,SOPA,09-11-21,,,,16-11-21,,,,
OmniLit Acquisition,OLIT,09-11-21,,,,16-11-21,,,,
Stran &amp; Company,STRN,09-11-21,,,,16-11-21,,,,
Third Coast Bancshares,TCBX,09-11-21,,,,16-11-21,,,,
Loyalty Ventures,LYLT,08-11-21,,,,15-11-21,,,,
7 Acquisition,SVNA,05-11-21,,,,12-11-21,,,,
Rigel Resource Acquisition,RRAC,05-11-21,,,,12-11-21,,,,
Cian PLC,CIAN,05-11-21,,,,12-11-21,,,,
Real Good Food Company,RGF,05-11-21,,,,12-11-21,,,,
IO Biotech,IOBT,05-11-21,,,,12-11-21,,,,
Mainz Biomed B.V.,MYNZ,05-11-21,,,,12-11-21,,,,
Mountain &amp; Co. I Acquisition,MCAA,05-11-21,,,,12-11-21,,,,
Intelligent Medicine Acquisition,IQMD,05-11-21,,,,12-11-21,,,,
New Providence Acquisition II,NPAB,05-11-21,,,,12-11-21,,,,
2seventy bio,TSVT,05-11-21,,,,12-11-21,,,,
Evotec SE,EVO,04-11-21,,,,11-11-21,,,,
Sizzle Acquisition,SZZL,04-11-21,,,,11-11-21,,,,
Arhaus,ARHS,04-11-21,,,,11-11-21,,,,
Semper Paratus Acquisition,LGST,04-11-21,,,,11-11-21,,,,
MDxHealth,MDXH,04-11-21,,,,11-11-21,,,,
Mercato Partners Acquisition,MPRA,04-11-21,,,,11-11-21,,,,
Lionheart III,LION,04-11-21,,,,11-11-21,,,,
Finnovate Acquisition,FNVT,04-11-21,,,,11-11-21,,,,
Cadre Holdings,CDRE,04-11-21,,,,11-11-21,,,,
Digital Health Acquisition,DHAC,04-11-21,,,,11-11-21,,,,
Juniper II,JUN,04-11-21,,,,11-11-21,,,,
Concord Acquisition III,CNDB,04-11-21,,,,11-11-21,,,,
Kyndryl Holdings,KD,04-11-21,,,,11-11-21,,,,
NerdWallet,NRDS,04-11-21,,,,11-11-21,,,,
Talon 1 Acquisition,TOAC,04-11-21,,,,11-11-21,,,,
Spindletop Health Acquisition,SHCA,04-11-21,,,,11-11-21,,,,
Trine II Acquisition,TRAQ,03-11-21,,,,10-11-21,,,,
TG Venture Acquisition,TGVC,03-11-21,,,,10-11-21,,,,
Allbirds,BIRD,03-11-21,,,,10-11-21,,,,
Onyx Acquisition Co. I,ONYX,03-11-21,,,,10-11-21,,,,
Fortune Rise Acquisition,FRLA,03-11-21,,,,10-11-21,,,,
Claros Mortgage Trust,CMTG,03-11-21,,,,10-11-21,,,,
McLaren Technology Acquisition,MLAI,03-11-21,,,,10-11-21,,,,
Integral Acquisition 1,INTE,03-11-21,,,,10-11-21,,,,
Vision Sensing Acquisition,VSAC,01-11-21,,,,08-11-21,,,,
Liberty Resources Acquisition,LIBY,01-11-21,,,,08-11-21,,,,
LianBio,LIAN,01-11-21,,,,08-11-21,,,,
Arbor Rapha Capital Bioholdings I,ARCK,29-10-21,,,,05-11-21,,,,
Udemy,UDMY,29-10-21,,,,05-11-21,,,,
AltEnergy Acquisition,AEAE,29-10-21,,,,05-11-21,,,,
Entrada Therapeutics,TRDA,29-10-21,,,,05-11-21,,,,
Project Energy Reimagined Acquisition,PEGR,29-10-21,,,,05-11-21,,,,
Sonendo,SONX,29-10-21,,,,05-11-21,,,,
AirSculpt Technologies,AIRS,29-10-21,,,,05-11-21,,,,
Biofrontera,BFRI,29-10-21,,,,05-11-21,,,,
HireRight Holdings,HRT,29-10-21,,,,05-11-21,,,,
SDCL EDGE Acquisition,SEDA,29-10-21,,,,05-11-21,,,,
Cactus Acquisition 1,CCTS,29-10-21,,,,05-11-21,,,,
Aura Biosciences,AURA,29-10-21,,,,05-11-21,,,,
Fluence Energy,FLNC,28-10-21,,,,04-11-21,,,,
Focus Impact Acquisition,FIAC,28-10-21,,,,04-11-21,,,,
Solo Brands,DTC,28-10-21,,,,04-11-21,,,,
Perception Capital II,PCCT,28-10-21,,,,04-11-21,,,,
Anthemis Digital Acquisitions I,ADAL,28-10-21,,,,04-11-21,,,,
GlobalFoundries,GFS,28-10-21,,,,04-11-21,,,,
Seaport Calibre Materials Acquisition,SCMA,28-10-21,,,,04-11-21,,,,
Marpai,MRAI,27-10-21,,,,03-11-21,,,,
LAVA Medtech Acquisition,LVAC,27-10-21,,,,03-11-21,,,,
TKB Critical Technologies 1,USCT,27-10-21,,,,03-11-21,,,,
Rent The Runway,RENT,27-10-21,,,,03-11-21,,,,
Arteris,AIP,27-10-21,,,,03-11-21,,,,
Informatica,INFA,27-10-21,,,,03-11-21,,,,
OPY Acquisition I,OHAA,27-10-21,,,,03-11-21,,,,
Innovative International Acquisition,IOAC,27-10-21,,,,03-11-21,,,,
Pyrophyte Acquisition,PHYT,27-10-21,,,,03-11-21,,,,
Deep Medicine Acquisition,DMAQ,27-10-21,,,,03-11-21,,,,
Iconic Sports Acquisition,ICNC,22-10-21,,,,29-10-21,,,,
Xilio Therapeutics,XLO,22-10-21,,,,29-10-21,,,,
Getnet Adquirencia E Servicos Para Meios De Pagamento,GET,22-10-21,,,,29-10-21,,,,
M3-Brigade Acquisition III,MBSC,22-10-21,,,,29-10-21,,,,
Aris Water Solutions,ARIS,22-10-21,,,,29-10-21,,,,
Pegasus Digital Mobility Acquisition,PGSS,22-10-21,,,,29-10-21,,,,
Minerva Surgical,UTRS,22-10-21,,,,29-10-21,,,,
Portillo's,PTLO,21-10-21,,,,28-10-21,,,,
Accretion Acquisition,ENER,21-10-21,,,,28-10-21,,,,
Enfusion,ENFN,21-10-21,,,,28-10-21,,,,
"P10, Inc.",PX,21-10-21,,,,28-10-21,,,,
NewHold Investment II,NHIC,21-10-21,,,,28-10-21,,,,
Thrive Acquisition,THAC,21-10-21,,,,28-10-21,,,,
GoGreen Investments,GOGN,21-10-21,,,,28-10-21,,,,
Ventyx Biosciences,VTYX,21-10-21,,,,28-10-21,,,,
Runway Growth Finance,RWAY,21-10-21,,,,28-10-21,,,,
ExcelFin Acquisition,XFIN,21-10-21,,,,28-10-21,,,,
The Vita Coco Company,COCO,21-10-21,,,,28-10-21,,,,
Global Technology Acquisition I,GTAC,21-10-21,,,,28-10-21,,,,
Worldwide Webb Acquisition,WWAC,20-10-21,,,,27-10-21,,,,
Stronghold Digital Mining,SDIG,20-10-21,,,,27-10-21,,,,
Cyngn,CYN,20-10-21,,,,27-10-21,,,,
Athena Consumer Acquisition,ACAQ,20-10-21,,,,27-10-21,,,,
Context Therapeutics,CNTX,20-10-21,,,,27-10-21,,,,
Industrial Human Capital,AXH,20-10-21,,,,27-10-21,,,,
ESGEN Acquisition,ESAC,20-10-21,,,,27-10-21,,,,
Newcourt Acquisition,NCAC,20-10-21,,,,27-10-21,,,,
Enterprise 4.0 Technology Acquisition,ENTF,19-10-21,,,,26-10-21,,,,
Blockchain Moon Acquisition,BMAQ,19-10-21,,,,26-10-21,,,,
SportsMap Tech Acquisition,SMAP,19-10-21,,,,26-10-21,,,,
Fintech Ecosystem Development,FEXD,19-10-21,,,,26-10-21,,,,
"Belpointe PREP, LLC",OZ,18-10-21,,,,25-10-21,,,,
PepperLime Health Acquisition,PEPL,15-10-21,,,,22-10-21,,,,
Paragon 28,FNA,15-10-21,,,,22-10-21,,,,
Achari Ventures Holdings I,AVHI,15-10-21,,,,22-10-21,,,,
Sanaby Health Acquisition I,SANB,15-10-21,,,,22-10-21,,,,
MiNK Therapeutics,INKT,15-10-21,,,,22-10-21,,,,
Founder SPAC,FOUN,15-10-21,,,,22-10-21,,,,
Compass Digital Acquisition,CDAQ,15-10-21,,,,22-10-21,,,,
Black Mountain Acquisition,BMAC,14-10-21,,,,21-10-21,,,,
Rose Hill Acquisition,ROSE,14-10-21,,,,21-10-21,,,,
GitLab,GTLB,14-10-21,,,,21-10-21,,,,
Tristar Acquisition I,TRIS,14-10-21,,,,21-10-21,,,,
Lucid Diagnostics,LUCD,14-10-21,,,,21-10-21,,,,
IHS Holding,IHS,14-10-21,,,,21-10-21,,,,
Catalyst Bancorp,CLST,13-10-21,,,,20-10-21,,,,
Fat Projects Acquisition,FATP,13-10-21,,,,20-10-21,,,,
Healthcare Triangle,HCTI,13-10-21,,,,20-10-21,,,,
AvidXchange Holdings,AVDX,13-10-21,,,,20-10-21,,,,
Gesher I Acquisition,GIAC,12-10-21,,,,19-10-21,,,,
IsoPlexis,ISO,08-10-21,,,,15-10-21,,,,
Learn CW Investment,LCW,08-10-21,,,,15-10-21,,,,
Schultze Special Purpose Acquisition II,SAMA,08-10-21,,,,15-10-21,,,,
Consensus Cloud Solutions,CCSI,08-10-21,,,,15-10-21,,,,
Cognition Therapeutics,CGTX,08-10-21,,,,15-10-21,,,,
Jade Mountain Acquisition,JMAC,08-10-21,,,,15-10-21,,,,
Hawks Acquisition,HWKZ,08-10-21,,,,15-10-21,,,,
Tricon Residential,TCN,07-10-21,,,,14-10-21,,,,
Theseus Pharmaceuticals,THRX,07-10-21,,,,14-10-21,,,,
IX Acquisition,IXAQ,07-10-21,,,,14-10-21,,,,
Life Time Group Holdings,LTH,07-10-21,,,,14-10-21,,,,
Nuvei,NVEI,06-10-21,,,,13-10-21,,,,
Avalon Acquisition,AVAC,06-10-21,,,,13-10-21,,,,
Volcon,VLCN,06-10-21,,,,13-10-21,,,,
Phoenix Biotech Acquisition,PBAX,06-10-21,,,,13-10-21,,,,
Parsec Capital Acquisitions,PCX,06-10-21,,,,13-10-21,,,,
Enphys Acquisition,NFYS,06-10-21,,,,13-10-21,,,,
CĪON Investment,CION,05-10-21,,,,12-10-21,,,,
Crixus BH3 Acquisition,BHAC,05-10-21,,,,12-10-21,,,,
Mount Rainier Acquisition,RNER,05-10-21,,,,12-10-21,,,,
Exscientia,EXAI,01-10-21,,,,08-10-21,,,,
Pyxis Oncology,PYXS,01-10-21,,,,08-10-21,,,,
Monterey Bio Acquisition,MTRY,01-10-21,,,,08-10-21,,,,
"TDCX, Inc.",TDCX,01-10-21,,,,08-10-21,,,,
Sylvamo,SLVM,01-10-21,,,,08-10-21,,,,
First Watch Restaurant Group,FWRG,01-10-21,,,,08-10-21,,,,
Marblegate Acquisition,GATE,01-10-21,,,,08-10-21,,,,
"dMY Technology Group, Inc. VI",DMYS,01-10-21,,,,08-10-21,,,,
Olaplex Holdings,OLPX,30-09-21,,,,07-10-21,,,,
Artemis Strategic Investment,ARTE,30-09-21,,,,07-10-21,,,,
Home Plate Acquisition,HPLT,30-09-21,,,,07-10-21,,,,
MELI Kaszek Pioneer,MEKA,29-09-21,,,,06-10-21,,,,
Hennessy Capital Investment VI,HCVI,29-09-21,,,,06-10-21,,,,
Warby Parker,WRBY,29-09-21,,,,06-10-21,,,,
Berenson Acquisition I,BACA,28-09-21,,,,05-10-21,,,,
Amplitude,AMPL,28-09-21,,,,05-10-21,,,,
Parabellum Acquisition,PRBM,28-09-21,,,,05-10-21,,,,
Direct Selling Acquisition,DSAQ,24-09-21,,,,01-10-21,,,,
Cue Health,HLTH,24-09-21,,,,01-10-21,,,,
Clearwater Analytics Holdings,CWAN,24-09-21,,,,01-10-21,,,,
GigCapital5,GIA,24-09-21,,,,01-10-21,,,,
Remitly Global,RELY,23-09-21,,,,30-09-21,,,,
EngageSmart,ESMT,23-09-21,,,,30-09-21,,,,
Sovos Brands,SOVO,23-09-21,,,,30-09-21,,,,
Live Oak Crestview Climate Acquisition,LOCC,23-09-21,,,,30-09-21,,,,
Argo Blockchain,ARBK,23-09-21,,,,30-09-21,,,,
Sterling Check,STER,23-09-21,,,,30-09-21,,,,
Thorne HealthTech,THRN,23-09-21,,,,30-09-21,,,,
Brilliant Earth Group,BRLT,23-09-21,,,,30-09-21,,,,
a.k.a. Brands Holding,AKA,22-09-21,,,,29-09-21,,,,
Inflection Point Acquisition,IPAX,22-09-21,,,,29-09-21,,,,
Argus Capital,ARGU,22-09-21,,,,29-09-21,,,,
VersaBank,VBNK,22-09-21,,,,29-09-21,,,,
Toast,TOST,22-09-21,,,,29-09-21,,,,
Freshworks,FRSH,22-09-21,,,,29-09-21,,,,
HHG Capital,HHGC,21-09-21,,,,28-09-21,,,,
Soar Technology Acquisition,FLYA,16-09-21,,,,23-09-21,,,,
Enact Holdings,ACT,16-09-21,,,,23-09-21,,,,
ForgeRock,FORG,16-09-21,,,,23-09-21,,,,
CIIG Capital Partners II,CIIG,15-09-21,,,,22-09-21,,,,
Thoughtworks Holding,TWKS,15-09-21,,,,22-09-21,,,,
Sierra Lake Acquisition,SIER,15-09-21,,,,22-09-21,,,,
Definitive Healthcare,DH,15-09-21,,,,22-09-21,,,,
Aesther Healthcare Acquisition,AEHA,15-09-21,,,,22-09-21,,,,
Pasithea Therapeutics,KTTA,15-09-21,,,,22-09-21,,,,
DICE Therapeutics,DICE,15-09-21,,,,22-09-21,,,,
Tyra Biosciences,TYRA,15-09-21,,,,22-09-21,,,,
WinVest Acquisition,WINV,15-09-21,,,,22-09-21,,,,
Endurance Acquisition,EDNC,15-09-21,,,,22-09-21,,,,
PROCEPT BioRobotics,PRCT,15-09-21,,,,22-09-21,,,,
EzFill Holdings,EZFL,15-09-21,,,,22-09-21,,,,
On Holding AG,ONON,15-09-21,,,,22-09-21,,,,
Dutch Bros,BROS,15-09-21,,,,22-09-21,,,,
Pacifico Acquisition,PAFO,14-09-21,,,,21-09-21,,,,
Sportradar Group AG,SRAD,14-09-21,,,,21-09-21,,,,
Sigma Lithium,SGML,13-09-21,,,,20-09-21,,,,
SilverSPAC,SLVR,10-09-21,,,,17-09-21,,,,
Bannix Acquisition,BNIX,10-09-21,,,,17-09-21,,,,
Future Health ESG,FHLT,10-09-21,,,,17-09-21,,,,
First Light Acquisition Group,FLAG,10-09-21,,,,17-09-21,,,,
Banner Acquisition,BNNR,08-09-21,,,,15-09-21,,,,
Digital World Acquisition,DWAC,03-09-21,,,,10-09-21,,,,
Oxus Acquisition,OXUS,03-09-21,,,,10-09-21,,,,
DTRT Health Acquisition,DTRT,02-09-21,,,,09-09-21,,,,
Generation Income Properties,GIPR,02-09-21,,,,09-09-21,,,,
Insight Acquisition,INAQ,02-09-21,,,,09-09-21,,,,
Concord Acquisition II,CNDA,01-09-21,,,,08-09-21,,,,
CHW Acquisition,CHWA,31-08-21,,,,07-09-21,,,,
DoubleDown Interactive Co.,DDI,31-08-21,,,,07-09-21,,,,
Alpine Acquisition,REVE,31-08-21,,,,07-09-21,,,,
SeqLL,SQL,27-08-21,,,,03-09-21,,,,
Minority Equality Opportunities Acquisition,MEOA,26-08-21,,,,02-09-21,,,,
Cascadia Acquisition,CCAI,26-08-21,,,,02-09-21,,,,
RenovoRx,RNXT,26-08-21,,,,02-09-21,,,,
IceCure Medical,ICCM,26-08-21,,,,02-09-21,,,,
Springwater Special Situations,SWSS,26-08-21,,,,02-09-21,,,,
Waverley Capital Acquisition 1,WAVC,20-08-21,,,,27-08-21,,,,
CENAQ Energy,CENQ,13-08-21,,,,20-08-21,,,,
AxonPrime Infrastructure Acquisition,APMI,13-08-21,,,,20-08-21,,,,
Dermata Therapeutics,DRMA,13-08-21,,,,20-08-21,,,,
DatChat,DATS,13-08-21,,,,20-08-21,,,,
Kensington Capital Acquisition V,KCGI,13-08-21,,,,20-08-21,,,,
Armada Acquisition I,AACI,13-08-21,,,,20-08-21,,,,
Jupiter Acquisition,JAQC,13-08-21,,,,20-08-21,,,,
Oxbridge Acquisition,OXAC,12-08-21,,,,19-08-21,,,,
PHP Ventures Acquisition,PPHP,12-08-21,,,,19-08-21,,,,
AfterNext HealthTech Acquisition,AFTR,12-08-21,,,,19-08-21,,,,
Southern States Bancshares,SSBK,12-08-21,,,,19-08-21,,,,
10x Capital Venture Acquisition II,VCXA,11-08-21,,,,18-08-21,,,,
Chardan NexTech Acquisition 2,CNTQ,11-08-21,,,,18-08-21,,,,
World Quantum Growth Acquisition,WQGA,11-08-21,,,,18-08-21,,,,
Decarbonization Plus Acquisition IV,DCRD,11-08-21,,,,18-08-21,,,,
Pono Capital,PONO,11-08-21,,,,18-08-21,,,,
TPB Acquisition I,TPBA,11-08-21,,,,18-08-21,,,,
Conyers Park III Acquisition,CPAA,10-08-21,,,,17-08-21,,,,
Avista Public Acquisition II,AHPA,10-08-21,,,,17-08-21,,,,
Abri SPAC I,ASPA,10-08-21,,,,17-08-21,,,,
Eliem Therapeutics,ELYM,10-08-21,,,,17-08-21,,,,
Nova Vision Acquisition,NOVV,06-08-21,,,,13-08-21,,,,
Adagio Therapeutics,ADGI,06-08-21,,,,13-08-21,,,,
Roth CH Acquisition IV Co.,ROCG,06-08-21,,,,13-08-21,,,,
Riverview Acquisition,RVAC,06-08-21,,,,13-08-21,,,,
Gladstone Acquisition,GLEE,05-08-21,,,,12-08-21,,,,
European Wax Center,EWCZ,05-08-21,,,,12-08-21,,,,
Weber,WEBR,05-08-21,,,,12-08-21,,,,
Blue Whale Acquisition I,BWC,04-08-21,,,,11-08-21,,,,
AMCI Acquisition II,AMCI,04-08-21,,,,11-08-21,,,,
Healthwell Acquisition I,HWEL,03-08-21,,,,10-08-21,,,,
ABVC BioPharma,ABVC,03-08-21,,,,10-08-21,,,,
Victoria's Secret &amp; Co.,VSCO,03-08-21,,,,10-08-21,,,,
Omega Therapeutics,OMGA,30-07-21,,,,06-08-21,,,,
XPAC Acquisition,XPAX,30-07-21,,,,06-08-21,,,,
Dole plc,DOLE,30-07-21,,,,06-08-21,,,,
MaxCyte,MXCT,30-07-21,,,,06-08-21,,,,
Rani Therapeutics Holdings,RANI,30-07-21,,,,06-08-21,,,,
RxSight,RXST,30-07-21,,,,06-08-21,,,,
Immuneering,IMRX,30-07-21,,,,06-08-21,,,,
IN8bio,INAB,30-07-21,,,,06-08-21,,,,
Tenaya Therapeutics,TNYA,30-07-21,,,,06-08-21,,,,
International Media Acquisition,IMAQ,29-07-21,,,,05-08-21,,,,
"Software Acquisition Group, Inc. III",SWAG,29-07-21,,,,05-08-21,,,,
Icosavax,ICVX,29-07-21,,,,05-08-21,,,,
Rallybio,RLYB,29-07-21,,,,05-08-21,,,,
Nuvalent,NUVL,29-07-21,,,,05-08-21,,,,
Robinhood Markets,HOOD,29-07-21,,,,05-08-21,,,,
Riskified,RSKD,29-07-21,,,,05-08-21,,,,
Traeger,COOK,29-07-21,,,,05-08-21,,,,
Metals Acquisition,MTAL,29-07-21,,,,05-08-21,,,,
MeridianLink,MLNK,28-07-21,,,,04-08-21,,,,
Snap One Holdings,SNPO,28-07-21,,,,04-08-21,,,,
DA32 Life Science Tech Acquisition,DALS,28-07-21,,,,04-08-21,,,,
Alpha Partners Technology Merger,APTM,28-07-21,,,,04-08-21,,,,
PowerSchool Holdings,PWSC,28-07-21,,,,04-08-21,,,,
Duolingo,DUOL,28-07-21,,,,04-08-21,,,,
Mercury Ecommerce Acquisition,MEAC,28-07-21,,,,04-08-21,,,,
Thornburg Income Builder Opportunities Trust,TBLD,28-07-21,,,,04-08-21,,,,
Williams Rowland Acquisition,WRAC,27-07-21,,,,03-08-21,,,,
Alpha Healthcare Acquisition III,ALPA,27-07-21,,,,03-08-21,,,,
Candel Therapeutics,CADL,27-07-21,,,,03-08-21,,,,
U.S. Century Bank,USCB,23-07-21,,,,30-07-21,,,,
Cytek Biosciences,CTKB,23-07-21,,,,30-07-21,,,,
Outbrain,OB,23-07-21,,,,30-07-21,,,,
Xponential Fitness,XPOF,23-07-21,,,,30-07-21,,,,
Belong Acquisition,BLNG,23-07-21,,,,30-07-21,,,,
Caribou Biosciences,CRBU,23-07-21,,,,30-07-21,,,,
Core &amp; Main,CNM,23-07-21,,,,30-07-21,,,,
SOPHiA GENETICS,SOPH,23-07-21,,,,30-07-21,,,,
Gambling.com Group,GAMB,23-07-21,,,,30-07-21,,,,
Instructure Holdings,INST,22-07-21,,,,29-07-21,,,,
Absci,ABSI,22-07-21,,,,29-07-21,,,,
Zenvia,ZENV,22-07-21,,,,29-07-21,,,,
Ryan Specialty Group Holdings,RYAN,22-07-21,,,,29-07-21,,,,
Couchbase,BASE,22-07-21,,,,29-07-21,,,,
Zevia PBC,ZVIA,22-07-21,,,,29-07-21,,,,
TC Bancshares,TCBC,21-07-21,,,,28-07-21,,,,
Paycor HCM,PYCR,21-07-21,,,,28-07-21,,,,
VTEX,VTEX,21-07-21,,,,28-07-21,,,,
Portage Fintech Acquisition,PFTA,21-07-21,,,,28-07-21,,,,
Kaltura,KLTR,21-07-21,,,,28-07-21,,,,
CS Disco,LAW,21-07-21,,,,28-07-21,,,,
"Twin Vee PowerCats, Co.",VEEE,21-07-21,,,,28-07-21,,,,
TortoiseEcofin Acquisition III,TRTL,20-07-21,,,,27-07-21,,,,
Clover Leaf Capital,CLOE,20-07-21,,,,27-07-21,,,,
HCW Biologics,HCWB,20-07-21,,,,27-07-21,,,,
Chavant Capital Acquisition,CLAY,20-07-21,,,,27-07-21,,,,
Stevanato Group S.p.A.,STVN,16-07-21,,,,23-07-21,,,,
TScan Therapeutics,TCRX,16-07-21,,,,23-07-21,,,,
Bridge Investment Group Holdings,BRDG,16-07-21,,,,23-07-21,,,,
Regencell Bioscience Holdings,RGC,16-07-21,,,,23-07-21,,,,
Bilander Acquisition,TWCB,16-07-21,,,,23-07-21,,,,
Black Spade Acquisition Co.,BSAQ,16-07-21,,,,23-07-21,,,,
Imago BioSciences,IMGO,16-07-21,,,,23-07-21,,,,
Stonebridge Acquisition,APAC,16-07-21,,,,23-07-21,,,,
Erasca,ERAS,16-07-21,,,,23-07-21,,,,
Blue Foundry Bancorp,BLFY,16-07-21,,,,23-07-21,,,,
Blend Labs,BLND,16-07-21,,,,23-07-21,,,,
Phillips Edison &amp; Company,PECO,15-07-21,,,,22-07-21,,,,
F45 Training Holdings,FXLV,15-07-21,,,,22-07-21,,,,
Membership Collective Group,MCG,15-07-21,,,,22-07-21,,,,
Sera Prognostics,SERA,15-07-21,,,,22-07-21,,,,
TradeUP Acquisition,UPTD,15-07-21,,,,22-07-21,,,,
Rapid Micro Biosystems,RPID,15-07-21,,,,22-07-21,,,,
Sight Sciences,SGHT,15-07-21,,,,22-07-21,,,,
CleanTech Acquisition,CLAQ,15-07-21,,,,22-07-21,,,,
Texas Community Bancshares,TCBS,15-07-21,,,,22-07-21,,,,
PB Bankshares,PBBK,15-07-21,,,,22-07-21,,,,
JATT Acquisition,JATT,14-07-21,,,,21-07-21,,,,
Inspira Technologies Oxy B.H.N.,IINN,14-07-21,,,,21-07-21,,,,
Unicycive Therapeutics,UNCY,13-07-21,,,,20-07-21,,,,
Arya Sciences Acquisition V,ARYE,13-07-21,,,,20-07-21,,,,
Good Works II Acquisition,GWII,12-07-21,,,,19-07-21,,,,
TransCode Therapeutics,RNAZ,09-07-21,,,,16-07-21,,,,
Sentage Holdings,SNTG,09-07-21,,,,16-07-21,,,,
Acropolis Infrastructure Acquisition,ACRO,09-07-21,,,,16-07-21,,,,
Galata Acquisition,GLTA,09-07-21,,,,16-07-21,,,,
Agrico Acquisition,RICO,08-07-21,,,,15-07-21,,,,
AltC Acquisition,ALCC,08-07-21,,,,15-07-21,,,,
AgriFORCE Growing Systems,AGRI,08-07-21,,,,15-07-21,,,,
Moving iMage Technologies,MITQ,08-07-21,,,,15-07-21,,,,
Nyxoah,NYXH,02-07-21,,,,09-07-21,,,,
Eco Wave Power Global AB (publ),WAVE,01-07-21,,,,08-07-21,,,,
D-MARKET Electronic Services &amp; Trading,HEPS,01-07-21,,,,08-07-21,,,,
The Glimpse Group,VRAR,01-07-21,,,,08-07-21,,,,
Krispy Kreme,DNUT,01-07-21,,,,08-07-21,,,,
Acumen Pharmaceuticals,ABOS,01-07-21,,,,08-07-21,,,,
Macondray Capital Acquisition I,DRAY,01-07-21,,,,08-07-21,,,,
Frontier Investment,FICV,01-07-21,,,,08-07-21,,,,
EverCommerce,EVCM,01-07-21,,,,08-07-21,,,,
Torrid Holdings,CURV,01-07-21,,,,08-07-21,,,,
Corsair Partnering,CORS,01-07-21,,,,08-07-21,,,,
G3 VRM Acquisition,GGGV,01-07-21,,,,08-07-21,,,,
LegalZoom.com,LZ,30-06-21,,,,07-07-21,,,,
Social Capital Suvretta Holdings II,DNAB,30-06-21,,,,07-07-21,,,,
Xometry,XMTR,30-06-21,,,,07-07-21,,,,
Social Capital Suvretta Holdings IV,DNAD,30-06-21,,,,07-07-21,,,,
Social Capital Suvretta Holdings III,DNAC,30-06-21,,,,07-07-21,,,,
Social Capital Suvretta Holdings I,DNAA,30-06-21,,,,07-07-21,,,,
DiDi Global,DIDI,30-06-21,,,,07-07-21,,,,
Intapp,INTA,30-06-21,,,,07-07-21,,,,
Integral Ad Science Holding,IAS,30-06-21,,,,07-07-21,,,,
Clear Secure,YOU,30-06-21,,,,07-07-21,,,,
"CVRx, Inc.",CVRX,30-06-21,,,,07-07-21,,,,
Mountain Crest Acquisition IV,MCAF,30-06-21,,,,07-07-21,,,,
"Pop Culture Group Co.,",CPOP,30-06-21,,,,07-07-21,,,,
Aerovate Therapeutics,AVTE,30-06-21,,,,07-07-21,,,,
SentinelOne,S,30-06-21,,,,07-07-21,,,,
Thunder Bridge Capital Partners IV,THCP,30-06-21,,,,07-07-21,,,,
Shelter Acquisition I,SHQA,30-06-21,,,,07-07-21,,,,
Elliott Opportunity II,EOCW,29-06-21,,,,06-07-21,,,,
Dingdong (Cayman),DDL,29-06-21,,,,06-07-21,,,,
Gobi Acquisition,GOBI,29-06-21,,,,06-07-21,,,,
Alpha Teknova,TKNO,25-06-21,,,,02-07-21,,,,
Graphite Bio,GRPH,25-06-21,,,,02-07-21,,,,
GH Research,GHRS,25-06-21,,,,02-07-21,,,,
G Medical Innovations Holdings,GMVD,25-06-21,,,,02-07-21,,,,
Acurx Pharmaceuticals,ACXP,25-06-21,,,,02-07-21,,,,
Missfresh,MF,25-06-21,,,,02-07-21,,,,
Mister Car Wash,MCW,25-06-21,,,,02-07-21,,,,
Elevation Oncology,ELEV,25-06-21,,,,02-07-21,,,,
Bright Health Group,BHG,24-06-21,,,,01-07-21,,,,
Doximity,DOCS,24-06-21,,,,01-07-21,,,,
Grove,GRVI,24-06-21,,,,01-07-21,,,,
Monte Rosa Therapeutics,GLUE,24-06-21,,,,01-07-21,,,,
Bon Natural Life,BON,24-06-21,,,,01-07-21,,,,
Northern Lights Acquisition,NLIT,24-06-21,,,,01-07-21,,,,
Miromatrix Medical,MIRO,24-06-21,,,,01-07-21,,,,
FinTech Acquisition VI,FTVI,24-06-21,,,,01-07-21,,,,
Confluent,CFLT,24-06-21,,,,01-07-21,,,,
Sprinklr,CXM,23-06-21,,,,30-06-21,,,,
Coliseum Acquisition,MITA,23-06-21,,,,30-06-21,,,,
First Advantage,FA,23-06-21,,,,30-06-21,,,,
Golden Path Acquisition,GPCO,22-06-21,,,,29-06-21,,,,
Full Truck Alliance Co.,YMM,22-06-21,,,,29-06-21,,,,
Century Therapeutics,IPSC,18-06-21,,,,25-06-21,,,,
Tremor International,TRMR,18-06-21,,,,25-06-21,,,,
Femasys,FEMY,18-06-21,,,,25-06-21,,,,
Cyteir Therapeutics,CYT,18-06-21,,,,25-06-21,,,,
ATAI Life Sciences,ATAI,18-06-21,,,,25-06-21,,,,
AiHuiShou International Co.,RERE,18-06-21,,,,25-06-21,,,,
JAWS Juggernaut Acquisition,JUGG,18-06-21,,,,25-06-21,,,,
Ambrx Biopharma,AMAM,18-06-21,,,,25-06-21,,,,
Codex DNA,DNAY,18-06-21,,,,25-06-21,,,,
Corner Growth Acquisition 2,TRON,17-06-21,,,,24-06-21,,,,
Angel Oak Mortgage,AOMR,17-06-21,,,,24-06-21,,,,
Verve Therapeutics,VERV,17-06-21,,,,24-06-21,,,,
Lyell Immunopharma,LYEL,17-06-21,,,,24-06-21,,,,
iSpecimen,ISPC,17-06-21,,,,24-06-21,,,,
Molecular Partners AG,MOLN,16-06-21,,,,23-06-21,,,,
Convey Holding Parent,CNVY,16-06-21,,,,23-06-21,,,,
Zimmer Energy Transition Acquisition,ZT,16-06-21,,,,23-06-21,,,,
Rice Acquisition II,RONI,16-06-21,,,,23-06-21,,,,
WalkMe,WKME,16-06-21,,,,23-06-21,,,,
DILA Capital Acquisition,DILA,15-06-21,,,,22-06-21,,,,
G Squared Ascend II,GSQB,15-06-21,,,,22-06-21,,,,
Alzamend Neuro,ALZN,15-06-21,,,,22-06-21,,,,
Logistics Innovation Technologies,LITT,11-06-21,,,,18-06-21,,,,
Lakeshore Acquisition I,LAAA,11-06-21,,,,18-06-21,,,,
JAWS Hurricane Acquisition,HCNE,11-06-21,,,,18-06-21,,,,
Janux Therapeutics,JANX,11-06-21,,,,18-06-21,,,,
Kanzhun,BZ,11-06-21,,,,18-06-21,,,,
TaskUs,TASK,11-06-21,,,,18-06-21,,,,
Blue Safari Group Acquisition,BSGA,10-06-21,,,,17-06-21,,,,
monday.com,MNDY,10-06-21,,,,17-06-21,,,,
1stdibs.com,DIBS,10-06-21,,,,17-06-21,,,,
Zeta Global Holdings,ZETA,10-06-21,,,,17-06-21,,,,
Lifestance Health Group,LFST,10-06-21,,,,17-06-21,,,,
Iron Spark I,ISAA,09-06-21,,,,16-06-21,,,,
Global Consumer Acquisition,GACQ,09-06-21,,,,16-06-21,,,,
Colombier Acquisition,CLBR,09-06-21,,,,16-06-21,,,,
Marqeta,MQ,09-06-21,,,,16-06-21,,,,
Summit Healthcare Acquisition,SMIH,09-06-21,,,,16-06-21,,,,
Zhangmen Education,ZME,08-06-21,,,,15-06-21,,,,
SPK Acquisition,SPK,08-06-21,,,,15-06-21,,,,
DLocal,DLO,03-06-21,,,,10-06-21,,,,
OceanTech Acquisitions I,OTEC,28-05-21,,,,04-06-21,,,,
Centessa Pharmaceuticals,CNTA,28-05-21,,,,04-06-21,,,,
"FIGS, Inc.",FIGS,27-05-21,,,,03-06-21,,,,
Day One Biopharmaceuticals,DAWN,27-05-21,,,,03-06-21,,,,
Singular Genomics Systems,OMIC,27-05-21,,,,03-06-21,,,,
EG Acquisition,EGGF,26-05-21,,,,02-06-21,,,,
Paymentus Holdings,PAY,26-05-21,,,,02-06-21,,,,
Post Holdings Partnering,PSPC,26-05-21,,,,02-06-21,,,,
ZipRecruiter,ZIP,26-05-21,,,,02-06-21,,,,
Dynamics Special Purpose,DYNS,26-05-21,,,,02-06-21,,,,
Flywire,FLYW,26-05-21,,,,02-06-21,,,,
Fifth Wall Acquisition III,FWAC,25-05-21,,,,01-06-21,,,,
Graf Acquisition IV,GFOR,21-05-21,,,,28-05-21,,,,
Oatly Group AB,OTLY,20-05-21,,,,27-05-21,,,,
Procore Technologies,PCOR,20-05-21,,,,27-05-21,,,,
GigInternational1,GIW,19-05-21,,,,26-05-21,,,,
Aries I Acquisition,RAM,19-05-21,,,,26-05-21,,,,
Squarespace,SQSP,19-05-21,,,,26-05-21,,,,
Skydeck Acquisition,SKYA,19-05-21,,,,26-05-21,,,,
Catalyst Partners Acquisition,CPAR,18-05-21,,,,25-05-21,,,,
Jiuzi Holdings,JZXN,18-05-21,,,,25-05-21,,,,
Angel Pond Holdings,POND,18-05-21,,,,25-05-21,,,,
Mountain Crest Acquisition III,MCAE,18-05-21,,,,25-05-21,,,,
Artisan Acquisition,ARTA,14-05-21,,,,21-05-21,,,,
Vera Therapeutics,VERA,14-05-21,,,,21-05-21,,,,
Digital Brands Group,DBGI,14-05-21,,,,21-05-21,,,,
E-Home Household Service Holdings,EJH,14-05-21,,,,21-05-21,,,,
Osiris Acquisition,OSI,14-05-21,,,,21-05-21,,,,
Orion Biotech Opportunities,ORIA,13-05-21,,,,20-05-21,,,,
Global-E Online,GLBE,12-05-21,,,,19-05-21,,,,
Similarweb,SMWB,12-05-21,,,,19-05-21,,,,
iPower,IPW,12-05-21,,,,19-05-21,,,,
Flora Growth,FLGC,11-05-21,,,,18-05-21,,,,
Talaris Therapeutics,TALS,07-05-21,,,,14-05-21,,,,
B. Riley Principal 250 Merger,BRIV,07-05-21,,,,14-05-21,,,,
Anebulo Pharmaceuticals,ANEB,07-05-21,,,,14-05-21,,,,
Data Knights Acquisition,DKDCA,07-05-21,,,,14-05-21,,,,
Waterdrop,WDH,07-05-21,,,,14-05-21,,,,
Bowman Consulting Group,BWMN,07-05-21,,,,14-05-21,,,,
Onion Global,OG,07-05-21,,,,14-05-21,,,,
Valneva SE,VALN,06-05-21,,,,13-05-21,,,,
Maquia Capital Acquisition,MAQC,05-05-21,,,,12-05-21,,,,
The Honest Company,HNST,05-05-21,,,,12-05-21,,,,
Five Star Bancorp,FSBC,05-05-21,,,,12-05-21,,,,
"ALFI, Inc.",ALF,04-05-21,,,,11-05-21,,,,
Valor Latitude Acquisition,VLAT,04-05-21,,,,11-05-21,,,,
Werewolf Therapeutics,HOWL,30-04-21,,,,07-05-21,,,,
Vaccitech,VACC,30-04-21,,,,07-05-21,,,,
ION Acquisition 3,IACC,30-04-21,,,,07-05-21,,,,
Privia Health Group,PRVA,29-04-21,,,,06-05-21,,,,
Aveanna Healthcare Holdings,AVAH,29-04-21,,,,06-05-21,,,,
Endeavor Group Holdings,EDR,29-04-21,,,,06-05-21,,,,
TradeUP Global,TUGC,29-04-21,,,,06-05-21,,,,
Big Sky Growth Partners,BSKY,29-04-21,,,,06-05-21,,,,
FTC Solar,FTCI,28-04-21,,,,05-05-21,,,,
Impel NeuroPharma,IMPL,23-04-21,,,,30-04-21,,,,
Rain Therapeutics,RAIN,23-04-21,,,,30-04-21,,,,
Latham Group,SWIM,23-04-21,,,,30-04-21,,,,
Agiliti,AGTI,23-04-21,,,,30-04-21,,,,
Treace Medical Concepts,TMCI,23-04-21,,,,30-04-21,,,,
NeuroPace,NPCE,22-04-21,,,,29-04-21,,,,
KnowBe4,KNBE,22-04-21,,,,29-04-21,,,,
Zymergen,ZY,22-04-21,,,,29-04-21,,,,
DoubleVerify Holdings,DV,21-04-21,,,,28-04-21,,,,
UiPath,PATH,21-04-21,,,,28-04-21,,,,
SkyWater Technology,SKYT,21-04-21,,,,28-04-21,,,,
"Infobird Co.,",IFBD,20-04-21,,,,27-04-21,,,,
Troika Media Group,TRKA,20-04-21,,,,27-04-21,,,,
Biomea Fusion,BMEA,16-04-21,,,,23-04-21,,,,
Recursion Pharmaceuticals,RXRX,16-04-21,,,,23-04-21,,,,
Akoya Biosciences,AKYA,16-04-21,,,,23-04-21,,,,
Esports Technologies,EBET,15-04-21,,,,22-04-21,,,,
TuSimple Holdings,TSP,15-04-21,,,,22-04-21,,,,
Karat Packaging,KRT,15-04-21,,,,22-04-21,,,,
AppLovin,APP,15-04-21,,,,22-04-21,,,,
agilon health,AGL,15-04-21,,,,22-04-21,,,,
TCV Acquisition,TCVA,14-04-21,,,,21-04-21,,,,
Alkami Technology,ALKT,14-04-21,,,,21-04-21,,,,
Coinbase Global,COIN,14-04-21,,,,21-04-21,,,,
TPG Pace Beneficial II,YTPG,14-04-21,,,,21-04-21,,,,
TPG Pace Solutions,TPGS,09-04-21,,,,16-04-21,,,,
Aldel Financial,ADF,09-04-21,,,,16-04-21,,,,
Reneo Pharmaceuticals,RPHM,09-04-21,,,,16-04-21,,,,
VectivBio Holding AG,VECT,09-04-21,,,,16-04-21,,,,
Global SPAC Partners Co.,GLSPT,09-04-21,,,,16-04-21,,,,
Model Performance Acquisition,MPAC,08-04-21,,,,15-04-21,,,,
Tio Tech A,TIOA,08-04-21,,,,15-04-21,,,,
CM Life Sciences III,CMLT,07-04-21,,,,14-04-21,,,,
Panacea Acquisition II,PANA,07-04-21,,,,14-04-21,,,,
UTime,UTME,06-04-21,,,,13-04-21,,,,
Ace Global Business Acquisition,ACBA,06-04-21,,,,13-04-21,,,,
Smart Share Global,EM,01-04-21,,,,08-04-21,,,,
Compass,COMP,01-04-21,,,,08-04-21,,,,
Karooooo,KARO,01-04-21,,,,08-04-21,,,,
Frontier Group Holdings,ULCC,01-04-21,,,,08-04-21,,,,
Nocturne Acquisition,MBTC,31-03-21,,,,07-04-21,,,,
Achilles Therapeutics,ACHL,31-03-21,,,,07-04-21,,,,
Coursera,COUR,31-03-21,,,,07-04-21,,,,
two,TWOA,30-03-21,,,,06-04-21,,,,
Ikena Oncology,IKNA,26-03-21,,,,02-04-21,,,,
Hywin Holdings,HYW,26-03-21,,,,02-04-21,,,,
Edgewise Therapeutics,EWTX,26-03-21,,,,02-04-21,,,,
ThredUp,TDUP,26-03-21,,,,02-04-21,,,,
Alignment Healthcare,ALHC,26-03-21,,,,02-04-21,,,,
Design Therapeutics,DSGN,26-03-21,,,,02-04-21,,,,
Zhihu,ZH,26-03-21,,,,02-04-21,,,,
Elite Education Group International,EEIQ,25-03-21,,,,01-04-21,,,,
Landcadia Holdings IV,LCA,25-03-21,,,,01-04-21,,,,
Diversey Holdings,DSEY,25-03-21,,,,01-04-21,,,,
Cricut,CRCT,25-03-21,,,,01-04-21,,,,
MSD Acquisition,MSDA,25-03-21,,,,01-04-21,,,,
LAVA Therapeutics,LVTX,25-03-21,,,,01-04-21,,,,
VIZIO Holding,VZIO,25-03-21,,,,01-04-21,,,,
Olink Holding AB (publ),OLK,25-03-21,,,,01-04-21,,,,
SEMrush Holdings,SEMR,25-03-21,,,,01-04-21,,,,
Khosla Ventures Acquisition Co. III,KVSC,24-03-21,,,,31-03-21,,,,
Northern Genesis Acquisition III,NGC,24-03-21,,,,31-03-21,,,,
Corazon Capital V838 Monoceros,CRZN,24-03-21,,,,31-03-21,,,,
DigitalOcean Holdings,DOCN,24-03-21,,,,31-03-21,,,,
Disruptive Acquisition I,DISA,24-03-21,,,,31-03-21,,,,
Decarbonization Plus Acquisition III,DCRC,24-03-21,,,,31-03-21,,,,
ACV Auctions,ACVA,24-03-21,,,,31-03-21,,,,
Virgin Group Acquisition II,VGII,23-03-21,,,,30-03-21,,,,
Universe Pharmaceuticals,UPC,23-03-21,,,,30-03-21,,,,
NextGen Acquisition II,NGCA,23-03-21,,,,30-03-21,,,,
Gores Guggenheim,GGPI,23-03-21,,,,30-03-21,,,,
ArcLight Clean Transition II,ACTD,23-03-21,,,,30-03-21,,,,
Movano,MOVE,23-03-21,,,,30-03-21,,,,
TB SA Acquisition,TBSA,23-03-21,,,,30-03-21,,,,
Newbury Street Acquisition,NBST,23-03-21,,,,30-03-21,,,,
Dragoneer Growth Opportunities III,DGNU,23-03-21,,,,30-03-21,,,,
Magnum Opus Acquisition,OPA,23-03-21,,,,30-03-21,,,,
Supernova Partners Acquisition Company III,STRE,23-03-21,,,,30-03-21,,,,
Glass Houses Acquisition,GLHA,23-03-21,,,,30-03-21,,,,
"Lead Edge Growth Opportunities,",LEGA,23-03-21,,,,30-03-21,,,,
Rocket Internet Growth Opportunities,RKTA,23-03-21,,,,30-03-21,,,,
Glenfarne Merger,GGMC,19-03-21,,,,26-03-21,,,,
BYTE Acquisition,BYTS,19-03-21,,,,26-03-21,,,,
AFC Gamma,AFCG,19-03-21,,,,26-03-21,,,,
Levere Holdings,LVRA,19-03-21,,,,26-03-21,,,,
AF Acquisition,AFAQ,19-03-21,,,,26-03-21,,,,
Instil Bio,TIL,19-03-21,,,,26-03-21,,,,
Finch Therapeutics Group,FNCH,19-03-21,,,,26-03-21,,,,
Connect Biopharma Holdings,CNTB,19-03-21,,,,26-03-21,,,,
LDH Growth I,LDHA,19-03-21,,,,26-03-21,,,,
Longview Acquisition II,LGV,19-03-21,,,,26-03-21,,,,
"Tuya, Inc.",TUYA,18-03-21,,,,25-03-21,,,,
American Acquisition Opportunity,AMAO,18-03-21,,,,25-03-21,,,,
Forum Merger IV,FMIV,18-03-21,,,,25-03-21,,,,
Accelerate Acquisition,AAQC,18-03-21,,,,25-03-21,,,,
Gain Therapeutics,GANX,18-03-21,,,,25-03-21,,,,
Revolution Healthcare Acquisition,REVH,18-03-21,,,,25-03-21,,,,
Research Alliance II,RACB,18-03-21,,,,25-03-21,,,,
The Duckhorn Portfolio,NAPA,18-03-21,,,,25-03-21,,,,
GX Acquisition II,GXII,18-03-21,,,,25-03-21,,,,
Golden Arrow Merger,GAMC,17-03-21,,,,24-03-21,,,,
Sun Country Airlines Holdings,SNCY,17-03-21,,,,24-03-21,,,,
Kadem Sustainable Impact,KSI,17-03-21,,,,24-03-21,,,,
Tech &amp; Energy Transition,TETC,17-03-21,,,,24-03-21,,,,
"Olo, Inc.",OLO,17-03-21,,,,24-03-21,,,,
Build Acquisition,BGSX,17-03-21,,,,24-03-21,,,,
Jowell Global,JWEL,17-03-21,,,,24-03-21,,,,
Athena Technology Acquisition,ATHN,17-03-21,,,,24-03-21,,,,
KKR Acquisition Holdings I,KAHC,17-03-21,,,,24-03-21,,,,
Plum Acquisition I,PLMI,16-03-21,,,,23-03-21,,,,
Fortress Value Acquisition IV,FVIV,16-03-21,,,,23-03-21,,,,
FAST Acquisition II,FZT,16-03-21,,,,23-03-21,,,,
Waldencast Acquisition,WALD,16-03-21,,,,23-03-21,,,,
European Biotech Acquisition,EBAC,16-03-21,,,,23-03-21,,,,
Gores Technology Partners II,GTPB,12-03-21,,,,19-03-21,,,,
Gores Technology Partners,GTPA,12-03-21,,,,19-03-21,,,,
CF Acquisition VIII,CFFE,12-03-21,,,,19-03-21,,,,
Ross Acquisition II,ROSS,12-03-21,,,,19-03-21,,,,
Prometheus Biosciences,RXDX,12-03-21,,,,19-03-21,,,,
FTAC Parnassus Acquisition,FTPA,12-03-21,,,,19-03-21,,,,
Stratim Cloud Acquisition,SCAQ,12-03-21,,,,19-03-21,,,,
JOANN,JOAN,12-03-21,,,,19-03-21,,,,
MeaTech 3D,MITC,12-03-21,,,,19-03-21,,,,
Longboard Pharmaceuticals,LBPH,12-03-21,,,,19-03-21,,,,
Hayward Holdings,HAYW,12-03-21,,,,19-03-21,,,,
L Catterton Asia Acquisition,LCAA,11-03-21,,,,18-03-21,,,,
Silver Spike Acquisition II,SPKB,11-03-21,,,,18-03-21,,,,
Archimedes Tech SPAC Partners Co.,ATSP,11-03-21,,,,18-03-21,,,,
Pine Technology Acquisition,PTOC,11-03-21,,,,18-03-21,,,,
First High-School Education Group Co.,FHS,11-03-21,,,,18-03-21,,,,
Coupang,CPNG,11-03-21,,,,18-03-21,,,,
G&amp;P Acquisition,GAPA,11-03-21,,,,18-03-21,,,,
Frontier Acquisition,FRON,11-03-21,,,,18-03-21,,,,
Agile Growth,AGGR,10-03-21,,,,17-03-21,,,,
Digital Transformation Opportunities,DTOC,10-03-21,,,,17-03-21,,,,
Roblox,RBLX,10-03-21,,,,17-03-21,,,,
Sandbridge X2,SBII,10-03-21,,,,17-03-21,,,,
ESM Acquisition,ESM,10-03-21,,,,17-03-21,,,,
PWP Forward Acquisition I,FRW,10-03-21,,,,17-03-21,,,,
Colonnade Acquisition II,CLAA,10-03-21,,,,17-03-21,,,,
Forest Road Acquisition II,FRXB,10-03-21,,,,17-03-21,,,,
Vector Acquisition II,VAQC,10-03-21,,,,17-03-21,,,,
Gold Royalty,GROY,09-03-21,,,,16-03-21,,,,
SVF Investment 3,SVFC,09-03-21,,,,16-03-21,,,,
SVF Investment 2,SVFB,09-03-21,,,,16-03-21,,,,
Independence Holdings,ACQR,09-03-21,,,,16-03-21,,,,
Peridot Acquisition II,PDOT,09-03-21,,,,16-03-21,,,,
InterPrivate III Financial Partners,IPVF,05-03-21,,,,12-03-21,,,,
InterPrivate IV InfraTech Partners,IPVI,05-03-21,,,,12-03-21,,,,
"dMY Technology Group, Inc. IV",DMYQ,05-03-21,,,,12-03-21,,,,
InterPrivate II Acquisition,IPVA,05-03-21,,,,12-03-21,,,,
Warburg Pincus Capital Corporation I-B,WPCB,05-03-21,,,,12-03-21,,,,
Warburg Pincus Capital Corporation I-A,WPCA,05-03-21,,,,12-03-21,,,,
VPC Impact Acquisition Holdings III,VPCC,05-03-21,,,,12-03-21,,,,
First Reserve Sustainable Growth,FRSG,05-03-21,,,,12-03-21,,,,
Tribe Capital Growth I,ATVC,05-03-21,,,,12-03-21,,,,
VPC Impact Acquisition Holdings II,VPCB,05-03-21,,,,12-03-21,,,,
Tailwind Two Acquisition,TWNT,05-03-21,,,,12-03-21,,,,
Lerer Hippeau Acquisition,LHAA,05-03-21,,,,12-03-21,,,,
Altimar Acquisition III,ATAQ,04-03-21,,,,11-03-21,,,,
Khosla Ventures Acquisition Co.,KVSA,04-03-21,,,,11-03-21,,,,
FTAC Hera Acquisition,HERA,04-03-21,,,,11-03-21,,,,
Innovage Holding,INNV,04-03-21,,,,11-03-21,,,,
M3-Brigade Acquisition II,MBAC,04-03-21,,,,11-03-21,,,,
Twin Ridge Capital Acquisition,TRCA,04-03-21,,,,11-03-21,,,,
Atlantic Coastal Acquisition,ACAH,04-03-21,,,,11-03-21,,,,
Aurora Acquisition,AURC,04-03-21,,,,11-03-21,,,,
Property Solutions Acquisition II,PSAG,04-03-21,,,,11-03-21,,,,
RXR Acquisition,RXRA,04-03-21,,,,11-03-21,,,,
Isos Acquisition,ISOS,03-03-21,,,,10-03-21,,,,
Roth CH Acquisition III Co.,ROCR,03-03-21,,,,10-03-21,,,,
Mission Advancement,MACC,03-03-21,,,,10-03-21,,,,
Oscar Health,OSCR,03-03-21,,,,10-03-21,,,,
Nightdragon Acquisition,NDAC,02-03-21,,,,09-03-21,,,,
Orion Acquisition,OHPA,02-03-21,,,,09-03-21,,,,
Live Oak Mobility Acquisition,LOKM,02-03-21,,,,09-03-21,,,,
Supernova Partners Acquisition Company II,SNII,02-03-21,,,,09-03-21,,,,
Northern Star Investment III,NSTC,02-03-21,,,,09-03-21,,,,
Northern Star Investment IV,NSTD,02-03-21,,,,09-03-21,,,,
TCW Special Purpose Acquisition,TSPQ,02-03-21,,,,09-03-21,,,,
DHB Capital,DHBC,02-03-21,,,,09-03-21,,,,
Haymaker Acquisition III,HYAC,02-03-21,,,,09-03-21,,,,
DHC Acquisition,DHCA,02-03-21,,,,09-03-21,,,,
Arrowroot Acquisition,ARRW,02-03-21,,,,09-03-21,,,,
Anzu Special Acquisition I,ANZU,02-03-21,,,,09-03-21,,,,
Advanced Merger Partners,AMPI,02-03-21,,,,09-03-21,,,,
FinTech Evolution Acquisition Group,FTEV,02-03-21,,,,09-03-21,,,,
Goldenbridge Acquisition,GBRG,02-03-21,,,,09-03-21,,,,
SilverBox Engaged Merger I,SBEA,26-02-21,,,,05-03-21,,,,
Austerlitz Acquisition I,AUS,26-02-21,,,,05-03-21,,,,
Local Bounti,LOCL,26-02-21,,,,05-03-21,,,,
Ibere Pharmaceuticals,IBER,26-02-21,,,,05-03-21,,,,
Fusion Acquisition II,FSNB,26-02-21,,,,05-03-21,,,,
Twelve Seas Investment Company II,TWLV,26-02-21,,,,05-03-21,,,,
Freedom Acquisition I,FACT,26-02-21,,,,05-03-21,,,,
Austerlitz Acquisition II,ASZ,26-02-21,,,,05-03-21,,,,
ARYA Sciences Acquisition IV,ARYD,26-02-21,,,,05-03-21,,,,
MCAP Acquisition,MACQ,26-02-21,,,,05-03-21,,,,
Warrior Technologies Acquisition Company,WARR,26-02-21,,,,05-03-21,,,,
African Gold Acquisition,AGAC,26-02-21,,,,05-03-21,,,,
Isleworth Healthcare Acquisition,ISLE,25-02-21,,,,04-03-21,,,,
USHG Acquisition,HUGS,25-02-21,,,,04-03-21,,,,
EJF Acquisition,EJFA,25-02-21,,,,04-03-21,,,,
Flame Acquisition,FLME,25-02-21,,,,04-03-21,,,,
Gores Holdings VIII,GIIX,25-02-21,,,,04-03-21,,,,
BOA Acquisition,BOAS,24-02-21,,,,03-03-21,,,,
Hudson Executive Investment III,HIII,24-02-21,,,,03-03-21,,,,
Colicity,COLI,24-02-21,,,,03-03-21,,,,
Cartesian Growth,GLBL,24-02-21,,,,03-03-21,,,,
Slam Corp.,SLAM,23-02-21,,,,02-03-21,,,,
Gores Holdings VII,GSEV,23-02-21,,,,02-03-21,,,,
Arctos NorthStar Acquisition,ANAC,23-02-21,,,,02-03-21,,,,
FTAC Athena Acquisition,FTAA,23-02-21,,,,02-03-21,,,,
Velocity Acquisition,VELO,23-02-21,,,,02-03-21,,,,
Figure Acquisition I,FACA,19-02-21,,,,26-02-21,,,,
B. Riley Principal 150 Merger,BRPM,19-02-21,,,,26-02-21,,,,
Simon Property Group Acquisition Holdings,SPGS,19-02-21,,,,26-02-21,,,,
Tailwind International Acquisition,TWNI,19-02-21,,,,26-02-21,,,,
CF Acquisition VI,CFVI,19-02-21,,,,26-02-21,,,,
Alpha Capital Acquisition Company,ASPC,19-02-21,,,,26-02-21,,,,
Kismet Acquisition Three,KIII,18-02-21,,,,25-02-21,,,,
FinServ Acquisition II,FSRX,18-02-21,,,,25-02-21,,,,
Kismet Acquisition Two,KAII,18-02-21,,,,25-02-21,,,,
Pathfinder Acquisition,PFDR,17-02-21,,,,24-02-21,,,,
FS Development II,FSII,17-02-21,,,,24-02-21,,,,
ABG Acquisition I,ABGI,17-02-21,,,,24-02-21,,,,
Moringa Acquisition,MACA,17-02-21,,,,24-02-21,,,,
Auddia,AUUD,17-02-21,,,,24-02-21,,,,
New Vista Acquisition,NVSA,17-02-21,,,,24-02-21,,,,
SportsTek Acquisition,SPTK,17-02-21,,,,24-02-21,,,,
Virpax Pharmaceuticals,VRPX,17-02-21,,,,24-02-21,,,,
Medicus Sciences Acquisition,MSAC,16-02-21,,,,23-02-21,,,,
Longeveron,LGVN,12-02-21,,,,19-02-21,,,,
Rosecliff Acquisition I,RCLF,12-02-21,,,,19-02-21,,,,
Broadscale Acquisition,SCLE,12-02-21,,,,19-02-21,,,,
Decibel Therapeutics,DBTX,12-02-21,,,,19-02-21,,,,
Catcha Investment,CHAA,12-02-21,,,,19-02-21,,,,
Tishman Speyer Innovation II,TSIB,12-02-21,,,,19-02-21,,,,
Social Leverage Acquisition I,SLAC,12-02-21,,,,19-02-21,,,,
Churchill Capital VI,CCVI,12-02-21,,,,19-02-21,,,,
Tuatara Capital Acquisition,TCAC,12-02-21,,,,19-02-21,,,,
Bite Acquisition,BITE,12-02-21,,,,19-02-21,,,,
Talis Biomedical,TLIS,12-02-21,,,,19-02-21,,,,
NexImmune,NEXI,12-02-21,,,,19-02-21,,,,
Churchill Capital VII,CVII,12-02-21,,,,19-02-21,,,,
Signify Health,SGFY,11-02-21,,,,18-02-21,,,,
Goal Acquisitions,PUCK,11-02-21,,,,18-02-21,,,,
Bioventus,BVS,11-02-21,,,,18-02-21,,,,
loanDepot,LDI,11-02-21,,,,18-02-21,,,,
Bumble,BMBL,11-02-21,,,,18-02-21,,,,
Apria,APR,11-02-21,,,,18-02-21,,,,
Foresight Acquisition,FORE,10-02-21,,,,17-02-21,,,,
Viant Technology,DSP,10-02-21,,,,17-02-21,,,,
Lazard Growth Acquisition I,LGAC,10-02-21,,,,17-02-21,,,,
Power &amp; Digital Infrastructure Acquisition,XPDI,10-02-21,,,,17-02-21,,,,
Vallon Pharmaceuticals,VLON,10-02-21,,,,17-02-21,,,,
Apollo Strategic Growth Capital II,APGB,10-02-21,,,,17-02-21,,,,
ScION Tech Growth II,SCOB,10-02-21,,,,17-02-21,,,,
Biophytis,BPTS,10-02-21,,,,17-02-21,,,,
Priveterra Acquisition,PMGM,09-02-21,,,,16-02-21,,,,
Adagene,ADAG,09-02-21,,,,16-02-21,,,,
Adara Acquisition,ADRA,09-02-21,,,,16-02-21,,,,
GigCapital4,GIG,09-02-21,,,,16-02-21,,,,
Venus Acquisition,VENA,09-02-21,,,,16-02-21,,,,
Evo Acquisition,EVOJ,09-02-21,,,,16-02-21,,,,
Progress Acquisition,PGRW,09-02-21,,,,16-02-21,,,,
Pivotal Investment Corporation III,PICC,09-02-21,,,,16-02-21,,,,
Global Internet of People,SDH,09-02-21,,,,16-02-21,,,,
ECP Environmental Growth Opportunities,ENNV,09-02-21,,,,16-02-21,,,,
Spartan Acquisition III,SPAQ,09-02-21,,,,16-02-21,,,,
Crown PropTech Acquisitions,CPTK,09-02-21,,,,16-02-21,,,,
Cloopen Group Holding,RAAS,09-02-21,,,,16-02-21,,,,
Baosheng Media Group Holdings,BAOS,08-02-21,,,,15-02-21,,,,
G Squared Ascend I,GSQD,05-02-21,,,,12-02-21,,,,
COVA Acquisition,COVA,05-02-21,,,,12-02-21,,,,
HH&amp;L Acquisition Co.,HHLA,05-02-21,,,,12-02-21,,,,
RMG Acquisition III,RMGC,05-02-21,,,,12-02-21,,,,
Vor Biopharma,VOR,05-02-21,,,,12-02-21,,,,
CN Energy Group,CNEY,05-02-21,,,,12-02-21,,,,
JOFF Fintech Acquisition,JOFF,05-02-21,,,,12-02-21,,,,
Angion Biomedica,ANGN,05-02-21,,,,12-02-21,,,,
Lucira Health,LHDX,05-02-21,,,,12-02-21,,,,
Bolt Biotherapeutics,BOLT,05-02-21,,,,12-02-21,,,,
Altimar Acquisition II,ATMR,05-02-21,,,,12-02-21,,,,
Immunocore Holdings,IMCR,05-02-21,,,,12-02-21,,,,
Terns Pharmaceuticals,TERN,05-02-21,,,,12-02-21,,,,
Thunder Bridge Capital Partners III,TBCP,05-02-21,,,,12-02-21,,,,
Compute Health Acquisition,CPUH,05-02-21,,,,12-02-21,,,,
Sustainable Development Acquisition I,SDAC,05-02-21,,,,12-02-21,,,,
Evaxion Biotech,EVAX,05-02-21,,,,12-02-21,,,,
Quantum FinTech Acquisition,QFTA,05-02-21,,,,12-02-21,,,,
"Pharvaris, N.V",PHVS,05-02-21,,,,12-02-21,,,,
Atotech,ATC,04-02-21,,,,11-02-21,,,,
Decarbonization Plus Acquisition II,DCRN,04-02-21,,,,11-02-21,,,,
Novus Capital Corporation II,NXU,04-02-21,,,,11-02-21,,,,
Sana Biotechnology,SANA,04-02-21,,,,11-02-21,,,,
Atlas Crest Investment II,ACII,04-02-21,,,,11-02-21,,,,
Sensei Biotherapeutics,SNSE,04-02-21,,,,11-02-21,,,,
Astrea Acquisition,ASAX,04-02-21,,,,11-02-21,,,,
Itiquira Acquisition,ITQ,04-02-21,,,,11-02-21,,,,
Landos Biopharma,LABP,04-02-21,,,,11-02-21,,,,
TELUS International,TIXT,03-02-21,,,,10-02-21,,,,
Kernel Group Holdings,KRNL,03-02-21,,,,10-02-21,,,,
"ON24, Inc.",ONTF,03-02-21,,,,10-02-21,,,,
Gaming &amp; Hospitality Acquisition,GHAC,03-02-21,,,,10-02-21,,,,
The Music Acquisition,TMAC,03-02-21,,,,10-02-21,,,,
CC Neuberger Principal Holdings III,PRPC,03-02-21,,,,10-02-21,,,,
Ares Acquisition,AAC,02-02-21,,,,09-02-21,,,,
Thimble Point Acquisition,THMA,02-02-21,,,,09-02-21,,,,
Jaws Mustang Acquisition,JWSM,02-02-21,,,,09-02-21,,,,
MDH Acquisition,MDH,02-02-21,,,,09-02-21,,,,
Noble Rock Acquisition,NRAC,02-02-21,,,,09-02-21,,,,
EQ Health Acquisition,EQHA,29-01-21,,,,05-02-21,,,,
Mason Industrial Technology,MIT,29-01-21,,,,05-02-21,,,,
Growth Capital Acquisition,GCAC,29-01-21,,,,05-02-21,,,,
NLS Pharmaceutics,NLSP,29-01-21,,,,05-02-21,,,,
Home Point Capital,HMPT,29-01-21,,,,05-02-21,,,,
CF Acquisition V,CFV,29-01-21,,,,05-02-21,,,,
Trinity Capital,TRIN,29-01-21,,,,05-02-21,,,,
Clarim Acquisition,CLRM,29-01-21,,,,05-02-21,,,,
Z-Work Acquisition,ZWRK,29-01-21,,,,05-02-21,,,,
Brookline Capital Acquisition,BCAC,29-01-21,,,,05-02-21,,,,
BlueRiver Acquisition,BLUA,29-01-21,,,,05-02-21,,,,
Agrify,AGFY,28-01-21,,,,04-02-21,,,,
Qualtrics International,XM,28-01-21,,,,04-02-21,,,,
TLG Acquisition One,TLGA,28-01-21,,,,04-02-21,,,,
ITHAX Acquisition,ITHX,28-01-21,,,,04-02-21,,,,
Ortho Clinical Diagnostics Holdings,OCDX,28-01-21,,,,04-02-21,,,,
ZIM Integrated Shipping Services,ZIM,28-01-21,,,,04-02-21,,,,
Vinci Partners Investments,VINP,28-01-21,,,,04-02-21,,,,
Ignyte Acquisition,IGNY,28-01-21,,,,04-02-21,,,,
Fortistar Sustainable Solutions,FSSI,27-01-21,,,,03-02-21,,,,
Tian Ruixiang Holdings,TIRX,27-01-21,,,,03-02-21,,,,
Constellation Acquisition I,CSTA,27-01-21,,,,03-02-21,,,,
HealthCor Catalio Acquisition,HCAQ,27-01-21,,,,03-02-21,,,,
Shoals Technologies Group,SHLS,27-01-21,,,,03-02-21,,,,
Climate Real Impact Solutions II Acquisition,CLIM,27-01-21,,,,03-02-21,,,,
LumiraDx,LMDX,26-01-21,,,,02-02-21,,,,
Northern Star Investment II,NSTB,26-01-21,,,,02-02-21,,,,
Hudson Executive Investment II,HCII,26-01-21,,,,02-02-21,,,,
EZGO Technologies,EZGO,26-01-21,,,,02-02-21,,,,
Science Strategic Acquisition Alpha,SSAA,26-01-21,,,,02-02-21,,,,
LMF Acquisition Opportunities,LMAO,26-01-21,,,,02-02-21,,,,
Bridgetown 2 Holdings,BTNB,26-01-21,,,,02-02-21,,,,
DiamondHead Holdings,DHHC,26-01-21,,,,02-02-21,,,,
D &amp; Z Media Acquisition,DNZ,26-01-21,,,,02-02-21,,,,
Biotech Acquisition Company,BIOT,26-01-21,,,,02-02-21,,,,
Liberty Media Acquisition,LMACA,22-01-21,,,,29-01-21,,,,
Jack Creek Investment,JCIC,22-01-21,,,,29-01-21,,,,
SCP &amp; CO Healthcare Acquisition Company,SHAC,22-01-21,,,,29-01-21,,,,
Huadi International Group Co.,HUDI,22-01-21,,,,29-01-21,,,,
RLX Technology,RLX,22-01-21,,,,29-01-21,,,,
One Equity Partners Open Water I,OEPW,22-01-21,,,,29-01-21,,,,
North Atlantic Acquisition,NAAC,22-01-21,,,,29-01-21,,,,
Primavera Capital Acquisition,PV,22-01-21,,,,29-01-21,,,,
Wejo Group,WEJO,22-01-21,,,,29-01-21,,,,
Patria Investments,PAX,22-01-21,,,,29-01-21,,,,
European Sustainable Growth Acquisition,EUSG,22-01-21,,,,29-01-21,,,,
Montauk Renewables,MNTK,22-01-21,,,,29-01-21,,,,
Dream Finders Homes,DFH,21-01-21,,,,28-01-21,,,,
MYT Netherlands Parent B.V.,MYTE,21-01-21,,,,28-01-21,,,,
FoxWayne Enterprises Acquisition,FOXW,20-01-21,,,,27-01-21,,,,
TZP Strategies Acquisition,TZPS,20-01-21,,,,27-01-21,,,,
Queen's Gambit Growth Capital,GMBT,20-01-21,,,,27-01-21,,,,
Oyster Enterprises Acquisition,OSTR,20-01-21,,,,27-01-21,,,,
Gores Metropoulos II,GMII,20-01-21,,,,27-01-21,,,,
Edify Acquisition,EAC,15-01-21,,,,22-01-21,,,,
Driven Brands Holdings,DRVN,15-01-21,,,,22-01-21,,,,
OCA Acquisition,OCAX,15-01-21,,,,22-01-21,,,,
Playtika Holding,PLTK,15-01-21,,,,22-01-21,,,,
Healthcare Capital,HCCC,15-01-21,,,,22-01-21,,,,
Class Acceleration,CLAS,15-01-21,,,,22-01-21,,,,
Group Nine Acquisition,GNAC,15-01-21,,,,22-01-21,,,,
26 Capital Acquisition,ADER,15-01-21,,,,22-01-21,,,,
Authentic Equity Acquisition,AEAC,15-01-21,,,,22-01-21,,,,
Hennessy Capital Investment V,HCIC,15-01-21,,,,22-01-21,,,,
Monument Circle Acquisition,MON,14-01-21,,,,21-01-21,,,,
Silver Crest Acquisition,SLCR,14-01-21,,,,21-01-21,,,,
Environmental Impact Acquisition,ENVI,14-01-21,,,,21-01-21,,,,
Poshmark,POSH,14-01-21,,,,21-01-21,,,,
Petco Health And Wellness Company,WOOF,14-01-21,,,,21-01-21,,,,
Fortress Capital Acquisition,FCAX,13-01-21,,,,20-01-21,,,,
Pontem,PNTM,13-01-21,,,,20-01-21,,,,
Marlin Technology,FINM,13-01-21,,,,20-01-21,,,,
Motorsport Games,MSGM,13-01-21,,,,20-01-21,,,,
Deep Lake Capital Acquisition,DLCA,13-01-21,,,,20-01-21,,,,
Hamilton Lane Alliance Holdings I,HLAH,13-01-21,,,,20-01-21,,,,
Affirm Holdings,AFRM,13-01-21,,,,20-01-21,,,,
890 5th Avenue Partners,ENFA,12-01-21,,,,19-01-21,,,,
Kuke Music Holding,KUKE,12-01-21,,,,19-01-21,,,,
Adit EdTech Acquisition,ADEX,12-01-21,,,,19-01-21,,,,
Qilian International Holding Group,QLI,12-01-21,,,,19-01-21,,,,
Athlon Acquisition,SWET,12-01-21,,,,19-01-21,,,,
Global Partner Acquisition II,GPAC,12-01-21,,,,19-01-21,,,,
LightJump Acquisition,LJAQ,11-01-21,,,,18-01-21,,,,
Empowerment &amp; Inclusion Capital I,EPWR,08-01-21,,,,15-01-21,,,,
Powered Brands,POW,08-01-21,,,,15-01-21,,,,
Leo Holdings II,LHC,08-01-21,,,,15-01-21,,,,
Gracell Biotechnologies,GRCL,08-01-21,,,,15-01-21,,,,
Prospector Capital,PRSR,08-01-21,,,,15-01-21,,,,
Pioneer Merger,PACX,08-01-21,,,,15-01-21,,,,
Epiphany Technology Acquisition,EPHY,08-01-21,,,,15-01-21,,,,
SVF Investment,SVFA,08-01-21,,,,15-01-21,,,,
Tastemaker Acquisition,TMKR,08-01-21,,,,15-01-21,,,,
Cullinan Oncology,CGEM,08-01-21,,,,15-01-21,,,,
KL Acquisition,KLAQ,08-01-21,,,,15-01-21,,,,
Provident Acquisition,PAQC,08-01-21,,,,15-01-21,,,,
Global Synergy Acquisition,GSAQ,08-01-21,,,,15-01-21,,,,
VectoIQ Acquisition II,VTIQ,07-01-21,,,,14-01-21,,,,
Ivanhoe Capital Acquisition,IVAN,07-01-21,,,,14-01-21,,,,
KludeIn I Acquisition,INKA,07-01-21,,,,14-01-21,,,,
Vickers Vantage I,VCKA,07-01-21,,,,14-01-21,,,,
Bright Lights Acquisition,BLTS,07-01-21,,,,14-01-21,,,,
Altimeter Growth 2,AGCB,07-01-21,,,,14-01-21,,,,
Omega Alpha SPAC,OMEG,07-01-21,,,,14-01-21,,,,
Poema Global Holdings,PPGH,06-01-21,,,,13-01-21,,,,
Sports Ventures Acquisition,AKIC,06-01-21,,,,13-01-21,,,,
Kairos Acquisition,KAIR,06-01-21,,,,13-01-21,,,,
Crucible Acquisition,CRU,05-01-21,,,,12-01-21,,,,
Benessere Capital Acquisition,BENE,05-01-21,,,,12-01-21,,,,
Fortress Value Acquisition III,FVT,05-01-21,,,,12-01-21,,,,
Medirom Healthcare Technologies,MRM,29-12-20,,,,05-01-21,,,,
Ventoux CCM Acquisition,VTAQ,24-12-20,,,,31-12-20,,,,
"GBS, Inc.",GBS,23-12-20,,,,30-12-20,,,,
Viveon Health Acquisition,VHAQ,23-12-20,,,,30-12-20,,,,
7GC &amp; Co. Holdings,VII,23-12-20,,,,30-12-20,,,,
Healthcare Services Acquisition,HCAR,23-12-20,,,,30-12-20,,,,
Inhibikase Therapeutics,IKT,23-12-20,,,,30-12-20,,,,
CF Acquisition IV,CFIV,23-12-20,,,,30-12-20,,,,
Ackrell SPAC Partners I Co.,ACKIT,21-12-20,,,,28-12-20,,,,
Seven Oaks Acquisition,SVOK,18-12-20,,,,25-12-20,,,,
Dune Acquisition,DUNE,18-12-20,,,,25-12-20,,,,
Insu Acquisition III,IIII,18-12-20,,,,25-12-20,,,,
MedTech Acquisition,MTAC,18-12-20,,,,25-12-20,,,,
908 Devices,MASS,18-12-20,,,,25-12-20,,,,
Golden Falcon Acquisition,GFX,18-12-20,,,,25-12-20,,,,
Corner Growth Acquisition,COOL,17-12-20,,,,24-12-20,,,,
ScION Tech Growth I,SCOA,17-12-20,,,,24-12-20,,,,
Midwest Holding,MDWT,17-12-20,,,,24-12-20,,,,
Virios Therapeutics,VIRI,17-12-20,,,,24-12-20,,,,
Upstart Holdings,UPST,16-12-20,,,,23-12-20,,,,
Scopus Biopharma,SCPS,16-12-20,,,,23-12-20,,,,
Churchill Capital Corp V,CCV,16-12-20,,,,23-12-20,,,,
ContextLogic,WISH,16-12-20,,,,23-12-20,,,,
BioAtla,BCAB,16-12-20,,,,23-12-20,,,,
Americas Technology Acquisition,ATA,15-12-20,,,,22-12-20,,,,
Oriental Culture Holding,OCG,15-12-20,,,,22-12-20,,,,
Kins Technology Group,KINZ,15-12-20,,,,22-12-20,,,,
Wunong Net Technology Company,WNW,15-12-20,,,,22-12-20,,,,
Delwinds Insurance Acquisition,DWIN,11-12-20,,,,18-12-20,,,,
Nanobiotix,NBTX,11-12-20,,,,18-12-20,,,,
4D Molecular Therapeutics,FDMT,11-12-20,,,,18-12-20,,,,
CBRE Acquisition Holdings,CBAH,11-12-20,,,,18-12-20,,,,
Thayer Ventures Acquisition,TVAC,11-12-20,,,,18-12-20,,,,
Senior Connect Acquisition I,SNRH,11-12-20,,,,18-12-20,,,,
Motive Capital,MOTV,11-12-20,,,,18-12-20,,,,
Certara,CERT,11-12-20,,,,18-12-20,,,,
EdtechX Holdings Acquisition II,EDTX,11-12-20,,,,18-12-20,,,,
Vivos Therapeutics,VVOS,11-12-20,,,,18-12-20,,,,
AbCellera Biologics,ABCL,11-12-20,,,,18-12-20,,,,
Globis Acquisition,GLAQ,11-12-20,,,,18-12-20,,,,
Carney Technology Acquisition II,CTAQ,10-12-20,,,,17-12-20,,,,
Airbnb,ABNB,10-12-20,,,,17-12-20,,,,
Hydrofarm Holdings Group,HYFM,10-12-20,,,,17-12-20,,,,
Periphas Capital Partnering,PCPC,10-12-20,,,,17-12-20,,,,
DoorDash,DASH,09-12-20,,,,16-12-20,,,,
PubMatic,PUBM,09-12-20,,,,16-12-20,,,,
HumanCo Acquisition,HMCO,09-12-20,,,,16-12-20,,,,
C3.ai,AI,09-12-20,,,,16-12-20,,,,
Altitude Acquisition,ALTU,09-12-20,,,,16-12-20,,,,
Frazier Lifesciences Acquisition,FLAC,09-12-20,,,,16-12-20,,,,
Concord Acquisition,CND,08-12-20,,,,15-12-20,,,,
Mudrick Capital Acquisition II,MUDS,08-12-20,,,,15-12-20,,,,
Silverback Therapeutics,SBTX,04-12-20,,,,11-12-20,,,,
FinTech Acquisition V,FTCV,04-12-20,,,,11-12-20,,,,
Sigilon Therapeutics,SGTX,04-12-20,,,,11-12-20,,,,
17 Education &amp; Technology Group,YQ,04-12-20,,,,11-12-20,,,,
"Seer, Inc.",SEER,04-12-20,,,,11-12-20,,,,
Proptech Investment Corporation II,PTIC,04-12-20,,,,11-12-20,,,,
Docebo,DCBO,03-12-20,,,,10-12-20,,,,
Kinnate Biopharma,KNTE,03-12-20,,,,10-12-20,,,,
Highland Transcend Partners I,HTPA,03-12-20,,,,10-12-20,,,,
Far Peak Acquisition,FPAC,03-12-20,,,,10-12-20,,,,
Trepont Acquisition I,TACA,02-12-20,,,,09-12-20,,,,
Ozon Holdings,OZON,24-11-20,,,,01-12-20,,,,
Vision Marine Technologies,VMAR,24-11-20,,,,01-12-20,,,,
Tiga Acquisition,TINV,24-11-20,,,,01-12-20,,,,
Spring Valley Acquisition,SV,24-11-20,,,,01-12-20,,,,
Breeze Holdings Acquisition,BREZ,23-11-20,,,,30-11-20,,,,
Cascade Acquisition,CAS,20-11-20,,,,27-11-20,,,,
Sotera Health Company,SHC,20-11-20,,,,27-11-20,,,,
Aequi Acquisition,ARBG,20-11-20,,,,27-11-20,,,,
Omnichannel Acquisition,OCA,20-11-20,,,,27-11-20,,,,
Maravai LifeSciences Holdings,MRVI,20-11-20,,,,27-11-20,,,,
Kingswood Acquisition,KWAC,20-11-20,,,,27-11-20,,,,
Investindustrial Acquisition,IIAC,19-11-20,,,,26-11-20,,,,
Telos,TLS,19-11-20,,,,26-11-20,,,,
L&amp;F Acquisition,LNFA,19-11-20,,,,26-11-20,,,,
Yatsen Holding,YSG,19-11-20,,,,26-11-20,,,,
Jiya Acquisition,JYAC,19-11-20,,,,26-11-20,,,,
Olema Pharmaceuticals,OLMA,19-11-20,,,,26-11-20,,,,
NeoGames,NGMS,19-11-20,,,,26-11-20,,,,
Population Health Investment Co.,PHIC,18-11-20,,,,25-11-20,,,,
Dragoneer Growth Opportunities II,DGNS,17-11-20,,,,24-11-20,,,,
Pine Island Acquisition,PIPP,17-11-20,,,,24-11-20,,,,
Zanite Acquisition,ZNTE,17-11-20,,,,24-11-20,,,,
OTR Acquisition,OTRA,17-11-20,,,,24-11-20,,,,
Better World Acquisition,BWAC,13-11-20,,,,20-11-20,,,,
Health Assurance Acquisition,HAAC,13-11-20,,,,20-11-20,,,,
Natural Order Acquisition,NOAC,11-11-20,,,,18-11-20,,,,
Edoc Acquisition,ADOC,10-11-20,,,,17-11-20,,,,
Roman DBDR Tech Acquisition,DBDR,06-11-20,,,,13-11-20,,,,
Jupiter Wellness,JUPW,30-10-20,,,,06-11-20,,,,
Bull Horn Holdings,BHSE,30-10-20,,,,06-11-20,,,,
SQZ Biotechnologies Company,SQZ,30-10-20,,,,06-11-20,,,,
Lufax Holding,LU,30-10-20,,,,06-11-20,,,,
CONX Corp.,CONX,30-10-20,,,,06-11-20,,,,
Atea Pharmaceuticals,AVIR,30-10-20,,,,06-11-20,,,,
Leslie's,LESL,29-10-20,,,,05-11-20,,,,
Duddell Street Acquisition,DSAC,29-10-20,,,,05-11-20,,,,
Allegro MicroSystems,ALGM,29-10-20,,,,05-11-20,,,,
Galecto,GLTO,29-10-20,,,,05-11-20,,,,
Biodesix,BDSX,28-10-20,,,,04-11-20,,,,
Gatos Silver,GATO,28-10-20,,,,04-11-20,,,,
MediaAlpha,MAX,28-10-20,,,,04-11-20,,,,
Bluescape Opportunities Acquisition,BOAC,28-10-20,,,,04-11-20,,,,
Absolute Software,ABST,28-10-20,,,,04-11-20,,,,
"Root, Inc.",ROOT,28-10-20,,,,04-11-20,,,,
Mallard Acquisition,MACU,27-10-20,,,,03-11-20,,,,
Lux Health Tech Acquisition,LUXA,27-10-20,,,,03-11-20,,,,
Foghorn Therapeutics,FHTX,23-10-20,,,,30-10-20,,,,
Eucrates Biomedical Acquisition,EUCR,23-10-20,,,,30-10-20,,,,
Yellowstone Acquisition Company,YSAC,22-10-20,,,,29-10-20,,,,
Abcam,ABCM,22-10-20,,,,29-10-20,,,,
BCLS Acquisition,BLSA,22-10-20,,,,29-10-20,,,,
McAfee,MCFE,22-10-20,,,,29-10-20,,,,
Tekkorp Digital Acquisition,TEKK,22-10-20,,,,29-10-20,,,,
Guild Holdings Company,GHLD,22-10-20,,,,29-10-20,,,,
H.I.G. Acquisition,HIGA,21-10-20,,,,28-10-20,,,,
DPCM Capital,XPOA,21-10-20,,,,28-10-20,,,,
Lefteris Acquisition,LFTR,21-10-20,,,,28-10-20,,,,
MingZhu Logistics Holdings,YGMZ,21-10-20,,,,28-10-20,,,,
Sarissa Capital Acquisition,SRSA,21-10-20,,,,28-10-20,,,,
Datto Holding,MSP,21-10-20,,,,28-10-20,,,,
Helix Acquisition,HLXA,20-10-20,,,,27-10-20,,,,
Horizon Acquisition II,HZON,20-10-20,,,,27-10-20,,,,
Opthea,OPT,16-10-20,,,,23-10-20,,,,
Aligos Therapeutics,ALGS,16-10-20,,,,23-10-20,,,,
Bridgetown Holdings,BTWN,16-10-20,,,,23-10-20,,,,
Tarsus Pharmaceuticals,TARS,16-10-20,,,,23-10-20,,,,
Kiromic BioPharma,KRBP,16-10-20,,,,23-10-20,,,,
Turmeric Acquisition,TMPM,16-10-20,,,,23-10-20,,,,
Praxis Precision Medicines,PRAX,16-10-20,,,,23-10-20,,,,
Eargo,EAR,16-10-20,,,,23-10-20,,,,
Array Technologies,ARRY,15-10-20,,,,22-10-20,,,,
Miniso Group Holding,MNSO,15-10-20,,,,22-10-20,,,,
Eastern Bankshares,EBC,15-10-20,,,,22-10-20,,,,
Codiak BioSciences,CDAK,14-10-20,,,,21-10-20,,,,
5:01 Acquisition,FVAM,14-10-20,,,,21-10-20,,,,
Social Capital Hedosophia Holdings VI,IPOF,09-10-20,,,,16-10-20,,,,
Intrusion,INTZ,09-10-20,,,,16-10-20,,,,
Social Capital Hedosophia Holdings IV,IPOD,09-10-20,,,,16-10-20,,,,
Kronos Bio,KRON,09-10-20,,,,16-10-20,,,,
iHuman,IH,09-10-20,,,,16-10-20,,,,
Spruce Biosciences,SPRB,09-10-20,,,,16-10-20,,,,
Shattuck Labs,STTK,09-10-20,,,,16-10-20,,,,
FuboTV,FUBO,08-10-20,,,,15-10-20,,,,
Petra Acquisition,PAIC,08-10-20,,,,15-10-20,,,,
Aziyo Biologics,AZYO,08-10-20,,,,15-10-20,,,,
Presidio Property Trust,SQFT,07-10-20,,,,14-10-20,,,,
TPG Pace Beneficial Finance,TPGY,07-10-20,,,,14-10-20,,,,
FirstMark Horizon Acquisition,FMAC,06-10-20,,,,13-10-20,,,,
Apollo Strategic Growth Capital,APSG,02-10-20,,,,09-10-20,,,,
Sports Entertainment Acquisition,SEAH,02-10-20,,,,09-10-20,,,,
Oncorus,ONCR,02-10-20,,,,09-10-20,,,,
Academy Sports and Outdoors,ASO,02-10-20,,,,09-10-20,,,,
Immunome,IMNM,02-10-20,,,,09-10-20,,,,
Vy Global Growth,VYGG,02-10-20,,,,09-10-20,,,,
C4 Therapeutics,CCCC,02-10-20,,,,09-10-20,,,,
Avanti Acquisition,AVAN,02-10-20,,,,09-10-20,,,,
Atlantic Street Acquisition,ASAQ,02-10-20,,,,09-10-20,,,,
Lixiang Education Holding Co.,LXEH,01-10-20,,,,08-10-20,,,,
AEA-Bridges Impact,IMPX,01-10-20,,,,08-10-20,,,,
Recharge Acquisition,RCHG,01-10-20,,,,08-10-20,,,,
Mission Produce,AVO,01-10-20,,,,08-10-20,,,,
Altimeter Growth,AGC,01-10-20,,,,08-10-20,,,,
Thryv Holdings,THRY,01-10-20,,,,08-10-20,,,,
IG Acquisition,IGAC,01-10-20,,,,08-10-20,,,,
Pulmonx,LUNG,01-10-20,,,,08-10-20,,,,
Boqii Holding,BQ,30-09-20,,,,07-10-20,,,,
Asana,ASAN,30-09-20,,,,07-10-20,,,,
Yalla Group,YALA,30-09-20,,,,07-10-20,,,,
Palantir Technologies,PLTR,30-09-20,,,,07-10-20,,,,
Chindata Group Holdings,CD,30-09-20,,,,07-10-20,,,,
Orphazyme,ORPH,29-09-20,,,,06-10-20,,,,
Graybug Vision,GRAY,25-09-20,,,,02-10-20,,,,
Siyata Mobile,SYTA,25-09-20,,,,02-10-20,,,,
PMV Pharmaceuticals,PMVP,25-09-20,,,,02-10-20,,,,
Prelude Therapeutics,PRLD,25-09-20,,,,02-10-20,,,,
VIA optronics AG,VIAO,25-09-20,,,,02-10-20,,,,
Greenwich LifeSciences,GLSI,25-09-20,,,,02-10-20,,,,
Amesite,AMST,25-09-20,,,,02-10-20,,,,
Taysha Gene Therapies,TSHA,24-09-20,,,,01-10-20,,,,
Corsair Gaming,CRSR,23-09-20,,,,30-09-20,,,,
Laird Superfood,LSF,23-09-20,,,,30-09-20,,,,
GoodRx Holdings,GDRX,23-09-20,,,,30-09-20,,,,
Bentley Systems,BSY,23-09-20,,,,30-09-20,,,,
PMV Consumer Acquisition,PMVC,22-09-20,,,,29-09-20,,,,
Athira Pharma,ATHA,18-09-20,,,,25-09-20,,,,
North Mountain Merger,NMMC,18-09-20,,,,25-09-20,,,,
Unity Software,U,18-09-20,,,,25-09-20,,,,
COMPASS Pathways,CMPS,18-09-20,,,,25-09-20,,,,
Vitru,VTRU,18-09-20,,,,25-09-20,,,,
Sumo Logic,SUMO,17-09-20,,,,24-09-20,,,,
Broadstone Net Lease,BNL,17-09-20,,,,24-09-20,,,,
Pactiv Evergreen,PTVE,17-09-20,,,,24-09-20,,,,
Dyne Therapeutics,DYN,17-09-20,,,,24-09-20,,,,
Oaktree Acquisition II,OACB,17-09-20,,,,24-09-20,,,,
American Well,AMWL,17-09-20,,,,24-09-20,,,,
JFrog,FROG,16-09-20,,,,23-09-20,,,,
Executive Network Partnering,ENPC,16-09-20,,,,23-09-20,,,,
StepStone Group,STEP,16-09-20,,,,23-09-20,,,,
Snowflake,SNOW,16-09-20,,,,23-09-20,,,,
Equity Distribution Acquisition,EQD,16-09-20,,,,23-09-20,,,,
Metacrine,MTCR,16-09-20,,,,23-09-20,,,,
Outset Medical,OM,15-09-20,,,,22-09-20,,,,
Broadstone Acquisition,BSN,11-09-20,,,,18-09-20,,,,
Ribbit LEAP,LEAP,11-09-20,,,,18-09-20,,,,
Lightspeed Commerce,LSPD,11-09-20,,,,18-09-20,,,,
Prime Impact Acquisition I,PIAI,10-09-20,,,,17-09-20,,,,
Cohn Robbins Holdings,CRHC,09-09-20,,,,16-09-20,,,,
Tailwind Acquisition,TWND,04-09-20,,,,11-09-20,,,,
PainReform,PRFX,01-09-20,,,,08-09-20,,,,
Applied UV,AUVI,31-08-20,,,,07-09-20,,,,
Harbor Custom Development,HCDI,28-08-20,,,,04-09-20,,,,
GreenPower Motor Company,GP,28-08-20,,,,04-09-20,,,,
XPeng,XPEV,27-08-20,,,,03-09-20,,,,
Burgundy Technology Acquisition,BTAQ,27-08-20,,,,03-09-20,,,,
FAST Acquisition,FST,21-08-20,,,,28-08-20,,,,
Kymera Therapeutics,KYMR,21-08-20,,,,28-08-20,,,,
Nano-X Imaging,NNOX,21-08-20,,,,28-08-20,,,,
Inhibrx,INBX,19-08-20,,,,26-08-20,,,,
Harmony Biosciences Holdings,HRMY,19-08-20,,,,26-08-20,,,,
Lionheart Acquisition II,LCAP,14-08-20,,,,21-08-20,,,,
Duck Creek Technologies,DCT,14-08-20,,,,21-08-20,,,,
CureVac,CVAC,14-08-20,,,,21-08-20,,,,
KE Holdings,BEKE,13-08-20,,,,20-08-20,,,,
RedBall Acquisition,RBAC,13-08-20,,,,20-08-20,,,,
NetSTREIT,NTST,13-08-20,,,,20-08-20,,,,
Kubient,KBNT,12-08-20,,,,19-08-20,,,,
Checkmate Pharmaceuticals,CMPI,07-08-20,,,,14-08-20,,,,
Vistas Media Acquisition Company,VMAC,07-08-20,,,,14-08-20,,,,
Freeline Therapeutics Holdings,FRLN,07-08-20,,,,14-08-20,,,,
IBEX Limited,IBEX,07-08-20,,,,14-08-20,,,,
Rocket Companies,RKT,06-08-20,,,,13-08-20,,,,
Oak Street Health,OSH,06-08-20,,,,13-08-20,,,,
Acutus Medical,AFIB,06-08-20,,,,13-08-20,,,,
BigCommerce Holdings,BIGC,05-08-20,,,,12-08-20,,,,
GO Acquisition,GOAC,05-08-20,,,,12-08-20,,,,
Rackspace Technology,RXT,05-08-20,,,,12-08-20,,,,
Health Sciences Acquisitions Corp. 2,HSAQ,04-08-20,,,,11-08-20,,,,
Yucaipa Acquisition,YAC,04-08-20,,,,11-08-20,,,,
E.merge Technology Acquisition,ETAC,31-07-20,,,,07-08-20,,,,
CC Neuberger Principal Holdings II,PRPB,31-07-20,,,,07-08-20,,,,
Fathom Holdings,FTHM,31-07-20,,,,07-08-20,,,,
Vasta Platform,VSTA,31-07-20,,,,07-08-20,,,,
1847 Goedeker,GOED,31-07-20,,,,07-08-20,,,,
Vital Farms,VITL,31-07-20,,,,07-08-20,,,,
Li Auto,LI,30-07-20,,,,06-08-20,,,,
AlloVir,ALVR,30-07-20,,,,06-08-20,,,,
Vertex,VERX,29-07-20,,,,05-08-20,,,,
ACE Convergence Acquisition,ACEV,28-07-20,,,,04-08-20,,,,
Annexon,ANNX,24-07-20,,,,31-07-20,,,,
Greencity Acquisition,GRCY,24-07-20,,,,31-07-20,,,,
Nurix Therapeutics,NRIX,24-07-20,,,,31-07-20,,,,
iTeos Therapeutics,ITOS,24-07-20,,,,31-07-20,,,,
Inozyme Pharma,INZY,24-07-20,,,,31-07-20,,,,
Montrose Environmental Group,MEG,23-07-20,,,,30-07-20,,,,
East Resources Acquisition Co.,ERES,23-07-20,,,,30-07-20,,,,
Skillful Craftsman Education Technology,EDTK,23-07-20,,,,30-07-20,,,,
Jamf Holding,JAMF,22-07-20,,,,29-07-20,,,,
Pershing Square Tontine Holdings,PSTH,22-07-20,,,,29-07-20,,,,
Renalytix,RNLX,17-07-20,,,,24-07-20,,,,
Berkeley Lights,BLI,17-07-20,,,,24-07-20,,,,
ALX Oncology Holdings,ALXO,17-07-20,,,,24-07-20,,,,
Trean Insurance Group,TIG,16-07-20,,,,23-07-20,,,,
Relay Therapeutics,RLAY,16-07-20,,,,23-07-20,,,,
HPX Corp.,HPX,15-07-20,,,,22-07-20,,,,
Malacca Straits Acquisition Company,MLAC,15-07-20,,,,22-07-20,,,,
GoHealth,GOCO,15-07-20,,,,22-07-20,,,,
nCino,NCNO,14-07-20,,,,21-07-20,,,,
Inventiva,IVA,10-07-20,,,,17-07-20,,,,
Quhuo,QH,10-07-20,,,,17-07-20,,,,
Poseida Therapeutics,PSTX,10-07-20,,,,17-07-20,,,,
Nkarta,NKTX,10-07-20,,,,17-07-20,,,,
BlueCity Holdings,BLCT,08-07-20,,,,15-07-20,,,,
Capstar Special Purpose Acquisition,CPSR,02-07-20,,,,09-07-20,,,,
Accolade,ACCD,02-07-20,,,,09-07-20,,,,
Lemonade,LMND,02-07-20,,,,09-07-20,,,,
Dun &amp; Bradstreet Holdings,DNB,01-07-20,,,,08-07-20,,,,
Aditx,ADTX,30-06-20,,,,07-07-20,,,,
Agora,API,26-06-20,,,,03-07-20,,,,
Fusion Pharmaceuticals,FUSN,26-06-20,,,,03-07-20,,,,
Albertsons Companies,ACI,26-06-20,,,,03-07-20,,,,
Ebang International Holdings,EBON,26-06-20,,,,03-07-20,,,,
Akouos,AKUS,26-06-20,,,,03-07-20,,,,
PolyPid,PYPD,26-06-20,,,,03-07-20,,,,
Brilliant Acquisition,BRLI,24-06-20,,,,01-07-20,,,,
Repare Therapeutics,RPTX,19-06-20,,,,26-06-20,,,,
Genetron Holdings,GTH,19-06-20,,,,26-06-20,,,,
Forma Therapeutics Holdings,FMTX,19-06-20,,,,26-06-20,,,,
NuZee,NUZE,19-06-20,,,,26-06-20,,,,
Progenity,PROG,19-06-20,,,,26-06-20,,,,
Trebia Acquisition,TREB,17-06-20,,,,24-06-20,,,,
Royalty Pharma,RPRX,16-06-20,,,,23-06-20,,,,
Avidity Biosciences,RNA,12-06-20,,,,19-06-20,,,,
Vaxcyte,PCVX,12-06-20,,,,19-06-20,,,,
Generation Bio Co.,GBIO,12-06-20,,,,19-06-20,,,,
Burning Rock Biotech,BNR,12-06-20,,,,19-06-20,,,,
The AZEK Company,AZEK,12-06-20,,,,19-06-20,,,,
Lantern Pharma,LTRN,11-06-20,,,,18-06-20,,,,
uCloudlink Group,UCL,10-06-20,,,,17-06-20,,,,
Vroom,VRM,09-06-20,,,,16-06-20,,,,
Shift4 Payments,FOUR,05-06-20,,,,12-06-20,,,,
Legend Biotech,LEGN,05-06-20,,,,12-06-20,,,,
Calliditas Therapeutics AB,CALT,05-06-20,,,,12-06-20,,,,
Dada Nexus,DADA,05-06-20,,,,12-06-20,,,,
Applied Molecular Transport,AMTI,05-06-20,,,,12-06-20,,,,
ZoomInfo Technologies,ZI,04-06-20,,,,11-06-20,,,,
Warner Music Group,WMG,03-06-20,,,,10-06-20,,,,
Pliant Therapeutics,PLRX,03-06-20,,,,10-06-20,,,,
Inari Medical,NARI,22-05-20,,,,29-05-20,,,,
SelectQuote,SLQT,21-05-20,,,,28-05-20,,,,
ADC Therapeutics,ADCT,15-05-20,,,,22-05-20,,,,
Ayala Pharmaceuticals,AYLA,08-05-20,,,,15-05-20,,,,
China Liberal Education Holdings,CLEU,08-05-20,,,,15-05-20,,,,
Kingsoft Cloud Holdings,KC,08-05-20,,,,15-05-20,,,,
GAN Limited,GAN,05-05-20,,,,12-05-20,,,,
Lyra Therapeutics,LYRA,01-05-20,,,,08-05-20,,,,
Oric Pharmaceuticals,ORIC,24-04-20,,,,01-05-20,,,,
Keros Therapeutics,KROS,08-04-20,,,,15-04-20,,,,
Zentalis Pharmaceuticals,ZNTL,03-04-20,,,,10-04-20,,,,
WiMi Hologram Cloud,WIMI,01-04-20,,,,08-04-20,,,,
IMARA,IMRA,12-03-20,,,,19-03-20,,,,
GFL Environmental,GFL,03-03-20,,,,10-03-20,,,,
Passage Bio,PASG,28-02-20,,,,06-03-20,,,,
Zhongchao,ZCMD,24-02-20,,,,02-03-20,,,,
East Stone Acquisition,ESSC,20-02-20,,,,27-02-20,,,,
Muscle Maker,GRIL,13-02-20,,,,20-02-20,,,,
Revolution Medicines,RVMD,13-02-20,,,,20-02-20,,,,
Yunhong International,ZGYH,13-02-20,,,,20-02-20,,,,
TRxADE HEALTH,MEDS,13-02-20,,,,20-02-20,,,,
Huize Holding,HUIZ,12-02-20,,,,19-02-20,,,,
Greenrose Acquisition,GNRS,11-02-20,,,,18-02-20,,,,
CITIC Capital Acquisition,CCAC,11-02-20,,,,18-02-20,,,,
OneWater Marine,ONEW,07-02-20,,,,14-02-20,,,,
Professional Holding,PFHD,07-02-20,,,,14-02-20,,,,
NexPoint Real Estate Finance,NREF,07-02-20,,,,14-02-20,,,,
Beam Therapeutics,BEAM,06-02-20,,,,13-02-20,,,,
"PPD, Inc.",PPD,06-02-20,,,,13-02-20,,,,
Schrodinger,SDGR,06-02-20,,,,13-02-20,,,,
Casper Sleep,CSPR,06-02-20,,,,13-02-20,,,,
1Life Healthcare,ONEM,31-01-20,,,,07-02-20,,,,
Reynolds Consumer Products,REYN,31-01-20,,,,07-02-20,,,,
Arcutis Biotherapeutics,ARQT,31-01-20,,,,07-02-20,,,,
Black Diamond Therapeutics,BDTX,30-01-20,,,,06-02-20,,,,
AnPac Bio-Medical Science Co.,ANPC,30-01-20,,,,06-02-20,,,,
Annovis Bio,ANVS,29-01-20,,,,05-02-20,,,,
SCVX Corp.,SCVX,24-01-20,,,,31-01-20,,,,
Lizhi,LIZI,17-01-20,,,,24-01-20,,,,
Velocity Financial,VEL,17-01-20,,,,24-01-20,,,,
I-Mab,IMAB,17-01-20,,,,24-01-20,,,,
,,,,,,,,,,
,,,,,,,,,,
,I-MAB (XNAS:IMAB),17-01-20,,,,24-01-20,,,,
